[["\u6570\u5b66\u7cfb\u8bb2\u5ea7\uff1aSome mathematical analyses on dynamical models for atmosphere with moisture", "\u53d1\u5e03\u65f6\u95f4: 2017-12-06 09:30:08", "\u6d4f\u89c8\u6b21\u6570: 4199", "\u4f9b\u7a3f\uff1a\u6570\u5b66\u7cfb", "\u6f14\u8bb2\u4eba\uff1a\u674e\u8fdb\u5f00", "\u8bb2\u5ea7\u65f6\u95f4\uff1a2017-12-07 15:00:00", "\u8bb2\u5ea7\u5730\u70b9\uff1a\u73af\u5883\u5b66\u9662\u697c316", "\u8bb2\u5ea7\u5185\u5bb9", "In this talk, we will present some recent mathematical results, mainly the global wellposedness and convergence of the relaxation limit, on two kinds of dynamical models for the atmosphere with moisture. In the \frst part of this talk, which is a joint work with\u00a0Edriss S. Titi [1], we will consider a tropical atmosphere model introduced by Frierson,\u00a0Majda, and Pauluis (Commum. Math. Sci. 2004); for this model, we will present the\u00a0global well-posedness of strong solutions and the strong convergence of the relaxation\u00a0limit, as the relaxation time \" tends to zero. It will be shown that, for both the \fnitetime\u00a0and instantaneous-relaxation systems, the H1 regularities on the initial data are\u00a0su\u000ecient for both the global existence and uniqueness of strong solutions, but slightly\u00a0more regularities than H1 are required for both the continuous dependence and strong\u00a0convergence of the relaxation limit. In the second part of this talk, which is a joint work\u00a0with Sabine Hittmeir, Rupert Klein, and Edriss S. Titi [2], we will consider a moisture\u00a0model for warm clouds used by Klein and Majda (Theor. Comput. Fluid Dyn. 2006),\u00a0where the phase changes are allowed, and we will present the global well-posedness of\u00a0this system.", "[1] Jinkai Li; Edriss S. Titi: A tropical atmosphere model with moisture: global well-posedness and relaxation limit, Nonlinearity, 29 (2016), 2674-2714.", "[2] Sabine Hittmeir; Rupert Klein; Jinkai Li; Edriss S. Titi: Global well-posedness for\u00a0passively transported nonlinear moisture dynamics with phase changes, Nonlinearity 30\u00a0(2017) 3676-C3718.", "\u6f14\u8bb2\u4eba\u7b80\u4ecb", "\u674e\u8fdb\u5f00\uff0c\u9999\u6e2f\u4e2d\u6587\u5927\u5b66"], [["\u6570\u5b66\u7cfb", "\u8bb2\u5ea7", "\uff1a", "Some", " ", "mathematical", " ", "analyses", " ", "on", " ", "dynamical", " ", "models", " ", "for", " ", "atmosphere", " ", "with", " ", "moisture"], ["\u53d1\u5e03", "\u65f6\u95f4", ":", " ", "2017", "-", "12", "-", "06", " ", "09", ":", "30", ":08"], ["\u6d4f\u89c8", "\u6b21\u6570", ":", " ", "4199"], ["\u4f9b\u7a3f", "\uff1a", "\u6570\u5b66\u7cfb"], ["\u6f14\u8bb2\u4eba", "\uff1a", "\u674e\u8fdb\u5f00"], ["\u8bb2\u5ea7", "\u65f6\u95f4", "\uff1a", "2017", "-", "12", "-", "07", " ", "15", ":00", ":00"], ["\u8bb2\u5ea7", "\u5730\u70b9", "\uff1a", "\u73af\u5883", "\u5b66\u9662\u697c", "316"], ["\u8bb2\u5ea7", "\u5185\u5bb9"], ["In", " ", "this", " ", "talk", ",", " ", "we", " ", "will", " ", "present", " ", "some", " ", "recent", " ", "mathematical", " ", "results", ",", " ", "mainly", " ", "the", " ", "global", " ", "wellposedness", " ", "and", " ", "convergence", " ", "of", " ", "the", " ", "relaxation", " ", "limit", ",", " ", "on", " ", "two", " ", "kinds", " ", "of", " ", "dynamical", " ", "models", " ", "for", " ", "the", " ", "atmosphere", " ", "with", " ", "moisture", ".", " ", "In", " ", "the", " ", "\f", "rst", " ", "part", " ", "of", " ", "this", " ", "talk", ",", " ", "which", " ", "is", " ", "a", " ", "joint", " ", "work", " ", "with", "\u00a0", "Edriss", " ", "S.", " ", "Titi", " ", "[", "1", "]", ",", " ", "we", " ", "will", " ", "consider", " ", "a", " ", "tropical", " ", "atmosphere", " ", "model", " ", "introduced", " ", "by", " ", "Frierson", ",", "\u00a0", "Majda", ",", " ", "and", " ", "Pauluis", " ", "(", "Commum.", " ", "Math", ".", " ", "Sci", ".", " ", "2004", ")", ";", " ", "for", " ", "this", " ", "model", ",", " ", "we", " ", "will", " ", "present", " ", "the", "\u00a0", "global", " ", "well", "-", "posedness", " ", "of", " ", "strong", " ", "solutions", " ", "and", " ", "the", " ", "strong", " ", "convergence", " ", "of", " ", "the", " ", "relaxation", "\u00a0", "limit", ",", " ", "as", " ", "the", " ", "relaxation", " ", "time", " ", "\"", " ", "tends", " ", "to", " ", "zero", ".", " ", "It", " ", "will", " ", "be", " ", "shown", " ", "that", ",", " ", "for", " ", "both", " ", "the", " ", "\f", "nitetime", "\u00a0", "and", " ", "instantaneous", "-", "relaxation", " ", "systems", ",", " ", "the", " ", "H1", " ", "regularities", " ", "on", " ", "the", " ", "initial", " ", "data", " ", "are", "\u00a0", "su", "\u000e", "cient", " ", "for", " ", "both", " ", "the", " ", "global", " ", "existence", " ", "and", " ", "uniqueness", " ", "of", " ", "strong", " ", "solutions", ",", " ", "but", " ", "slightly", "\u00a0", "more", " ", "regularities", " ", "than", " ", "H1", " ", "are", " ", "required", " ", "for", " ", "both", " ", "the", " ", "continuous", " ", "dependence", " ", "and", " ", "strong", "\u00a0", "convergence", " ", "of", " ", "the", " ", "relaxation", " ", "limit", ".", " ", "In", " ", "the", " ", "second", " ", "part", " ", "of", " ", "this", " ", "talk", ",", " ", "which", " ", "is", " ", "a", " ", "joint", " ", "work", "\u00a0", "with", " ", "Sabine", " ", "Hittmeir", ",", " ", "Rupert", " ", "Klein", ",", " ", "and", " ", "Edriss", " ", "S.", " ", "Titi", " ", "[", "2", "]", ",", " ", "we", " ", "will", " ", "consider", " ", "a", " ", "moisture", "\u00a0", "model", " ", "for", " ", "warm", " ", "clouds", " ", "used", " ", "by", " ", "Klein", " ", "and", " ", "Majda", " ", "(", "Theor", ".", " ", "Comput.", " ", "Fluid", " ", "Dyn", ".", " ", "2006", ")", ",", "\u00a0", "where", " ", "the", " ", "phase", " ", "changes", " ", "are", " ", "allowed", ",", " ", "and", " ", "we", " ", "will", " ", "present", " ", "the", " ", "global", " ", "well", "-", "posedness", " ", "of", "\u00a0", "this", " ", "system", "."], ["[", "1", "]", " ", "Jinkai", " ", "Li", ";", " ", "Edriss", " ", "S.", " ", "Titi", ":", " ", "A", " ", "tropical", " ", "atmosphere", " ", "model", " ", "with", " ", "moisture", ":", " ", "global", " ", "well", "-", "posedness", " ", "and", " ", "relaxation", " ", "limit", ",", " ", "Nonlinearity", ",", " ", "29", " ", "(", "2016", ")", ",", " ", "2674", "-", "2714."], ["[", "2", "]", " ", "Sabine", " ", "Hittmeir", ";", " ", "Rupert", " ", "Klein", ";", " ", "Jinkai", " ", "Li", ";", " ", "Edriss", " ", "S.", " ", "Titi", ":", " ", "Global", " ", "well", "-", "posedness", " ", "for", "\u00a0", "passively", " ", "transported", " ", "nonlinear", " ", "moisture", " ", "dynamics", " ", "with", " ", "phase", " ", "changes", ",", " ", "Nonlinearity", " ", "30", "\u00a0", "(", "2017", ")", " ", "3676", "-", "C3718."], ["\u6f14\u8bb2\u4eba", "\u7b80\u4ecb"], ["\u674e\u8fdb\u5f00", "\uff0c", "\u9999\u6e2f", "\u4e2d\u6587", "\u5927\u5b66"]]]