[["\u4e92\u8054\u7f51\u4fe1\u606f\u68c0\u7d22\u57fa\u7840Fundamental Web IR", "\u53d1\u5e03\u65f6\u95f4: 2010-03-19 19:43:00", "\u6d4f\u89c8\u6b21\u6570: 9618", "\u4f9b\u7a3f\uff1a\u672a\u77e5", "\u6f14\u8bb2\u4eba\uff1a\u53c2\u8003\u4e0b\u65b9", "\u8bb2\u5ea7\u65f6\u95f4\uff1a0000-00-00 00:00:00", "\u8bb2\u5ea7\u5730\u70b9\uff1a--", "\u8bb2\u5ea7\u5185\u5bb9", "\u6f14\u8bb2\u4eba: \u5fae\u8f6f\u4e9a\u6d32\u7814\u7a76\u9662\u4e3b\u4efb\u7814\u7a76\u5458 \u674e\u822a \u535a\u58eb", "\u8bb2\u5ea7\u65f6\u95f4: 2010\u5e743\u670823\u65e5\uff08\u5468\u4e8c\uff09\u665a6\uff1a00~7\uff1a30", "\u8bb2\u5ea7\u5730\u70b9:  \u4fe1\u606f\u5b66\u9662\u56db\u5c42\u62a5\u544a\u5385", "\u8bb2\u5ea7\u5185\u5bb9:", "\u4e92\u8054\u7f51\u4fe1\u606f\u68c0\u7d22\u57fa\u7840", "Fundamental Web IR", "\u65f6\u95f4\uff1a", "2010\u5e743\u670823\u65e5\uff08\u5468\u4e8c\uff09\u665a6\uff1a00~7\uff1a30", "\u5730\u70b9\uff1a", "\u4fe1\u606f\u5b66\u9662\u56db\u5c42\u62a5\u544a\u5385", "\u6f14\u8bb2\u4eba\uff1a", "\u5fae\u8f6f\u4e9a\u6d32\u7814\u7a76\u9662\u4e3b\u4efb\u7814\u7a76\u5458 \u674e\u822a \u535a\u58eb", "Hang Li", "Senior Researcher and Research Manager", "Hang Li is senior researcher and research manager at Microsoft Research Asia. He is also adjunct professors at Peking University, Nanjing University, Xian Jiaotong University, and Nankai University. His research areas include information retrieval, natural language processing, statistical machine learning, and data mining. He graduated from Kyoto University and earned his PhD from the University of Tokyo. Hang has about 80 publications in international journals and conferences. He is associate editor of ACM Transaction on Asian Language Information Processing and is in editorial board of Journal for Computer and Science Technology, etc. His recent academic activities include senior program committee members of WSDM\"10, KDD\"10 and SIGIR\"10; area chairs of ACL\"10 and ACML\"10. Hang has been working on development of several products. These include NEC TopicScope, Microsoft SQL Server 2005, Microsoft Office 2007, Microsoft Live Search 2008\uff0cand Microsoft Bing 2009.", "\u6f14\u8bb2\u6458\u8981\uff1a", "In this talk I will first give an overview on web search (or web IR). I will introduce the major tasks of web search: relevance ranking, importance ranking, web page understanding, query understanding, crawling, indexing, anti-spam, search result presentation and search log data mining. I will then indicate that statistical learning technologies can be employed to perform the tasks, including classification, clustering, learning to rank, link analysis, and information extraction.", "\u66f4\u591a\u4fe1\u606f\u8bf7\u53c2\u8003\u5b66\u9662\u7f51\u7ad9\u65b0\u95fb\uff1a", "/news/news.asp?newsid=1143", "\u6f14\u8bb2\u4eba\u7b80\u4ecb"], [["\u4e92\u8054\u7f51", "\u4fe1\u606f", "\u68c0\u7d22", "\u57fa\u7840", "Fundamental", " ", "Web", " ", "IR"], ["\u53d1\u5e03", "\u65f6\u95f4", ":", " ", "2010", "-", "03", "-", "19", " ", "19", ":", "43", ":00"], ["\u6d4f\u89c8", "\u6b21\u6570", ":", " ", "9618"], ["\u4f9b\u7a3f", "\uff1a", "\u672a\u77e5"], ["\u6f14\u8bb2\u4eba", "\uff1a", "\u53c2\u8003", "\u4e0b\u65b9"], ["\u8bb2\u5ea7", "\u65f6\u95f4", "\uff1a", "0000", "-", "00", "-", "00", " ", "00:00", ":00"], ["\u8bb2\u5ea7", "\u5730\u70b9", "\uff1a", "-", "-"], ["\u8bb2\u5ea7", "\u5185\u5bb9"], ["\u6f14\u8bb2\u4eba", ":", " ", "\u5fae\u8f6f", "\u4e9a\u6d32", "\u7814\u7a76\u9662", "\u4e3b\u4efb", "\u7814\u7a76\u5458", " ", "\u674e\u822a", " ", "\u535a\u58eb"], ["\u8bb2\u5ea7", "\u65f6\u95f4", ":", " ", "2010\u5e74", "3\u6708", "23\u65e5", "\uff08", "\u5468\u4e8c", "\uff09", "\u665a", "6\uff1a00", "~7\uff1a30"], ["\u8bb2\u5ea7", "\u5730\u70b9", ":", " ", " ", "\u4fe1\u606f", "\u5b66\u9662", "\u56db", "\u5c42", "\u62a5\u544a\u5385"], ["\u8bb2\u5ea7", "\u5185\u5bb9", ":"], ["\u4e92\u8054\u7f51", "\u4fe1\u606f", "\u68c0\u7d22", "\u57fa\u7840"], ["Fundamental", " ", "Web", " ", "IR"], ["\u65f6\u95f4", "\uff1a"], ["2010\u5e74", "3\u6708", "23\u65e5", "\uff08", "\u5468\u4e8c", "\uff09", "\u665a", "6\uff1a00", "~7\uff1a30"], ["\u5730\u70b9", "\uff1a"], ["\u4fe1\u606f", "\u5b66\u9662", "\u56db", "\u5c42", "\u62a5\u544a\u5385"], ["\u6f14\u8bb2\u4eba", "\uff1a"], ["\u5fae\u8f6f", "\u4e9a\u6d32", "\u7814\u7a76\u9662", "\u4e3b\u4efb", "\u7814\u7a76\u5458", " ", "\u674e\u822a", " ", "\u535a\u58eb"], ["Hang", " ", "Li"], ["Senior", " ", "Researcher", " ", "and", " ", "Research", " ", "Manager"], ["Hang", " ", "Li", " ", "is", " ", "senior", " ", "researcher", " ", "and", " ", "research", " ", "manager", " ", "at", " ", "Microsoft", " ", "Research", " ", "Asia", ". ", "He", " ", "is", " ", "also", " ", "adjunct", " ", "professors", " ", "at", " ", "Peking", " ", "University", ",", " ", "Nanjing", " ", "University", ",", " ", "Xian", " ", "Jiaotong", " ", "University", ",", " ", "and", " ", "Nankai", " ", "University", ".", " ", "His", " ", "research", " ", "areas", " ", "include", " ", "information", " ", "retrieval", ",", " ", "natural", " ", "language", " ", "processing", ",", " ", "statistical", " ", "machine", " ", "learning", ",", " ", "and", " ", "data", " ", "mining. ", "He", " ", "graduated", " ", "from", " ", "Kyoto", " ", "University", " ", "and", " ", "earned", " ", "his", " ", "PhD", " ", "from", " ", "the", " ", "University", " ", "of", " ", "Tokyo.", " ", "Hang", " ", "has", " ", "about", " ", "80", " ", "publications", " ", "in", " ", "international", " ", "journals", " ", "and", " ", "conferences. ", "He", " ", "is", " ", "associate", " ", "editor", " ", "of", " ", "ACM", " ", "Transaction", " ", "on", " ", "Asian", " ", "Language", " ", "Information", " ", "Processing", " ", "and", " ", "is", " ", "in", " ", "editorial", " ", "board", " ", "of", " ", "Journal", " ", "for", " ", "Computer", " ", "and", " ", "Science", " ", "Technology", ",", " ", "etc", ".", " ", "His", " ", "recent", " ", "academic", " ", "activities", " ", "include", " ", "senior", " ", "program", " ", "committee", " ", "members", " ", "of", " ", "WSDM", "\"", "10", ",", " ", "KDD", "\"", "10", " ", "and", " ", "SIGIR", "\"", "10", ";", " ", "area", " ", "chairs", " ", "of", " ", "ACL", "\"", "10", " ", "and", " ", "ACML", "\"", "10.", " ", "Hang", " ", "has", " ", "been", " ", "working", " ", "on", " ", "development", " ", "of", " ", "several", " ", "products", ".", " ", "These", " ", "include", " ", "NEC", " ", "TopicScope", ",", " ", "Microsoft", " ", "SQL", " ", "Server", " ", "2005", ",", " ", "Microsoft", " ", "Office", " ", "2007", ",", " ", "Microsoft", " ", "Live", " ", "Search", " ", "2008", "\uff0c", "and", " ", "Microsoft", " ", "Bing", " ", "2009."], ["\u6f14\u8bb2", "\u6458\u8981", "\uff1a"], ["In", " ", "this", " ", "talk", " ", "I", " ", "will", " ", "first", " ", "give", " ", "an", " ", "overview", " ", "on", " ", "web", " ", "search", " ", "(", "or", " ", "web", " ", "IR", ")", ".", " ", "I", " ", "will", " ", "introduce", " ", "the", " ", "major", " ", "tasks", " ", "of", " ", "web", " ", "search", ":", " ", "relevance", " ", "ranking", ",", " ", "importance", " ", "ranking", ",", " ", "web", " ", "page", " ", "understanding", ",", " ", "query", " ", "understanding", ",", " ", "crawling", ",", " ", "indexing", ",", " ", "anti", "-", "spam", ",", " ", "search", " ", "result", " ", "presentation", " ", "and", " ", "search", " ", "log", " ", "data", " ", "mining", ".", " ", "I", " ", "will", " ", "then", " ", "indicate", " ", "that", " ", "statistical", " ", "learning", " ", "technologies", " ", "can", " ", "be", " ", "employed", " ", "to", " ", "perform", " ", "the", " ", "tasks", ",", " ", "including", " ", "classification", ",", " ", "clustering", ",", " ", "learning", " ", "to", " ", "rank", ",", " ", "link", " ", "analysis", ",", " ", "and", " ", "information", " ", "extraction", "."], ["\u66f4", "\u591a", "\u4fe1\u606f", "\u8bf7", "\u53c2\u8003", "\u5b66\u9662", "\u7f51\u7ad9", "\u65b0\u95fb", "\uff1a"], ["/news/news.asp", "?", "newsid", "=", "1143"], ["\u6f14\u8bb2\u4eba", "\u7b80\u4ecb"]]]