[["\u6570\u5b66\u7cfb\u5b66\u672f\u62a5\u544a", "\u53d1\u5e03\u65f6\u95f4: 2017-07-17 02:35:21", "\u6d4f\u89c8\u6b21\u6570: 4004", "\u4f9b\u7a3f\uff1a\u6570\u5b66\u7cfb", "\u6f14\u8bb2\u4eba\uff1aHu Bei \u6559\u6388\uff08University of Notre Dame, USA\uff09", "\u8bb2\u5ea7\u65f6\u95f4\uff1a2017-07-18 15:00:00", "\u8bb2\u5ea7\u5730\u70b9\uff1a\u4fe1\u606f\u697c343\u5ba4", "\u8bb2\u5ea7\u5185\u5bb9", "\u62a5\u544a\u9898\u76ee\uff1aA PDE Free Boundary Problem for Corporate Bond with Credit Rating Migration", "\u62a5\u544a\u6458\u8981\uff1a: A free boundary model for pricing a corporate bond with credit rating migration is studied. Some interesting properties as well as numerical examples will be presented.  In particular, we have found a asymptotic traveling wave solution to this problem.", "\u6f14\u8bb2\u4eba\u7b80\u4ecb"], [["\u6570\u5b66\u7cfb", "\u5b66\u672f", "\u62a5\u544a"], ["\u53d1\u5e03", "\u65f6\u95f4", ":", " ", "2017", "-", "07", "-", "17", " ", "02", ":35", ":21"], ["\u6d4f\u89c8", "\u6b21\u6570", ":", " ", "4004"], ["\u4f9b\u7a3f", "\uff1a", "\u6570\u5b66\u7cfb"], ["\u6f14\u8bb2\u4eba", "\uff1a", "Hu", " ", "Bei", " ", "\u6559\u6388", "\uff08", "University", " ", "of", " ", "Notre", " ", "Dame", ",", " ", "USA", "\uff09"], ["\u8bb2\u5ea7", "\u65f6\u95f4", "\uff1a", "2017", "-", "07", "-", "18", " ", "15", ":00", ":00"], ["\u8bb2\u5ea7", "\u5730\u70b9", "\uff1a", "\u4fe1\u606f\u697c", "343", "\u5ba4"], ["\u8bb2\u5ea7", "\u5185\u5bb9"], ["\u62a5\u544a", "\u9898\u76ee", "\uff1a", "A", " ", "PDE", " ", "Free", " ", "Boundary", " ", "Problem", " ", "for", " ", "Corporate", " ", "Bond", " ", "with", " ", "Credit", " ", "Rating", " ", "Migration"], ["\u62a5\u544a", "\u6458\u8981", "\uff1a", ":", " ", "A", " ", "free", " ", "boundary", " ", "model", " ", "for", " ", "pricing", " ", "a", " ", "corporate", " ", "bond", " ", "with", " ", "credit", " ", "rating", " ", "migration", " ", "is", " ", "studied", ".", " ", "Some", " ", "interesting", " ", "properties", " ", "as", " ", "well", " ", "as", " ", "numerical", " ", "examples", " ", "will", " ", "be", " ", "presented", ".", " ", " ", "In", " ", "particular", ",", " ", "we", " ", "have", " ", "found", " ", "a", " ", "asymptotic", " ", "traveling", " ", "wave", " ", "solution", " ", "to", " ", "this", " ", "problem", "."], ["\u6f14\u8bb2\u4eba", "\u7b80\u4ecb"]]]