[["\u7a7a\u95f4\u6570\u636e\u6316\u6398\u53ca\u5176\u5e94\u7528Spatial data mining and its applications", "\u53d1\u5e03\u65f6\u95f4: 2010-06-04 08:43:00", "\u6d4f\u89c8\u6b21\u6570: 8969", "\u4f9b\u7a3f\uff1a\u672a\u77e5", "\u6f14\u8bb2\u4eba\uff1a\u53c2\u8003\u4e0b\u65b9", "\u8bb2\u5ea7\u65f6\u95f4\uff1a0000-00-00 00:00:00", "\u8bb2\u5ea7\u5730\u70b9\uff1a--", "\u8bb2\u5ea7\u5185\u5bb9", "\u6f14\u8bb2\u4eba: \u5fae\u8f6f\u4e9a\u6d32\u7814\u7a76\u9662\u4e3b\u7ba1\u7814\u7a76\u5458 \u8c22\u5e78 \u535a\u58eb", "\u8bb2\u5ea7\u65f6\u95f4: 2010\u5e746\u67088\u65e5\uff08\u5468\u4e8c\uff09\u665a6\uff1a00~7\uff1a30", "\u8bb2\u5ea7\u5730\u70b9:  \u4fe1\u606f\u5b66\u9662\u56db\u5c42\u62a5\u544a\u5385", "\u8bb2\u5ea7\u5185\u5bb9:", "\u6f14\u8bb2\u4eba\uff1a", "\u5fae\u8f6f\u4e9a\u6d32\u7814\u7a76\u9662\u4e3b\u7ba1\u7814\u7a76\u5458 \u8c22\u5e78 \u535a\u58eb", "Xing Xie", "Lead Researcher", "Dr. Xing Xie is a lead researcher in the Web Search and Mining Group of Microsoft Research Asia, and a guest Ph.D. advisor for the University of Science and Technology of China. He received his B.S. and Ph.D. degrees in Computer Science from the University of Science and Technology of China in 1996 and 2001, respectively. He joined Microsoft Research Asia in July 2001, working on spatial data mining, location based services, and mobile and pervasive computing. He has served on the organizing and program committees of many international conferences such as WWW, UbiComp, GIS, CIKM, and KDD. He will be the program co-chair of UbiComp 2011. During the past years, he has published over 90 referred journal and conference papers. He is also a senior member of both ACM and the IEEE.", "\u6f14\u8bb2\u6458\u8981\uff1a", "Spatial data stands for any kind of data that has one or more fields concerning with location, shape, area and similar attributes. Spatial data mining tries to understand spatial data, discover relationships between spatial and non-spatial data, and construct spatial knowledge bases. Recently, the increasing availability of GPS-enabled devices is changing the way people interact with the Web and brings us a large number of GPS trajectories representing people\u2019s location histories. Such real-world location histories imply, to some extent, users\u2019 interests and intentions and enable us to better understand people and locations. At Microsoft Research Asia, we are working on various spatial data mining technologies for different applications. In this talk, I will present our recent work on this direction, as well as other related works in Microsoft and the industry.", "\u6f14\u8bb2\u4eba\u7b80\u4ecb"], [["\u7a7a\u95f4", "\u6570\u636e", "\u6316\u6398", "\u53ca", "\u5176", "\u5e94\u7528", "Spatial", " ", "data", " ", "mining", " ", "and", " ", "its", " ", "applications"], ["\u53d1\u5e03", "\u65f6\u95f4", ":", " ", "2010", "-", "06", "-", "04", " ", "08", ":", "43", ":00"], ["\u6d4f\u89c8", "\u6b21\u6570", ":", " ", "8969"], ["\u4f9b\u7a3f", "\uff1a", "\u672a\u77e5"], ["\u6f14\u8bb2\u4eba", "\uff1a", "\u53c2\u8003", "\u4e0b\u65b9"], ["\u8bb2\u5ea7", "\u65f6\u95f4", "\uff1a", "0000", "-", "00", "-", "00", " ", "00:00", ":00"], ["\u8bb2\u5ea7", "\u5730\u70b9", "\uff1a", "-", "-"], ["\u8bb2\u5ea7", "\u5185\u5bb9"], ["\u6f14\u8bb2\u4eba", ":", " ", "\u5fae\u8f6f", "\u4e9a\u6d32", "\u7814\u7a76\u9662", "\u4e3b\u7ba1", "\u7814\u7a76\u5458", " ", "\u8c22\u5e78", " ", "\u535a\u58eb"], ["\u8bb2\u5ea7", "\u65f6\u95f4", ":", " ", "2010\u5e74", "6\u6708", "8\u65e5", "\uff08", "\u5468\u4e8c", "\uff09", "\u665a", "6\uff1a00", "~7\uff1a30"], ["\u8bb2\u5ea7", "\u5730\u70b9", ":", " ", " ", "\u4fe1\u606f", "\u5b66\u9662", "\u56db", "\u5c42", "\u62a5\u544a\u5385"], ["\u8bb2\u5ea7", "\u5185\u5bb9", ":"], ["\u6f14\u8bb2\u4eba", "\uff1a"], ["\u5fae\u8f6f", "\u4e9a\u6d32", "\u7814\u7a76\u9662", "\u4e3b\u7ba1", "\u7814\u7a76\u5458", " ", "\u8c22\u5e78", " ", "\u535a\u58eb"], ["Xing", " ", "Xie"], ["Lead", " ", "Researcher"], ["Dr.", " ", "Xing", " ", "Xie", " ", "is", " ", "a", " ", "lead", " ", "researcher", " ", "in", " ", "the", " ", "Web", " ", "Search", " ", "and", " ", "Mining", " ", "Group", " ", "of", " ", "Microsoft", " ", "Research", " ", "Asia", ",", " ", "and", " ", "a", " ", "guest", " ", "Ph.D.", " ", "advisor", " ", "for", " ", "the", " ", "University", " ", "of", " ", "Science", " ", "and", " ", "Technology", " ", "of", " ", "China", ". ", "He", " ", "received", " ", "his", " ", "B.S.", " ", "and", " ", "Ph.D.", " ", "degrees", " ", "in", " ", "Computer", " ", "Science", " ", "from", " ", "the", " ", "University", " ", "of", " ", "Science", " ", "and", " ", "Technology", " ", "of", " ", "China", " ", "in", " ", "1996", " ", "and", " ", "2001", ",", " ", "respectively. ", "He", " ", "joined", " ", "Microsoft", " ", "Research", " ", "Asia", " ", "in", " ", "July", " ", "2001", ",", " ", "working", " ", "on", " ", "spatial", " ", "data", " ", "mining", ",", " ", "location", " ", "based", " ", "services", ",", " ", "and", " ", "mobile", " ", "and", " ", "pervasive", " ", "computing. ", "He", " ", "has", " ", "served", " ", "on", " ", "the", " ", "organizing", " ", "and", " ", "program", " ", "committees", " ", "of", " ", "many", " ", "international", " ", "conferences", " ", "such", " ", "as", " ", "WWW", ",", " ", "UbiComp", ",", " ", "GIS", ",", " ", "CIKM", ",", " ", "and", " ", "KDD", ". ", "He", " ", "will", " ", "be", " ", "the", " ", "program", " ", "co", "-", "chair", " ", "of", " ", "UbiComp", " ", "2011.", " ", "During", " ", "the", " ", "past", " ", "years", ",", " ", "he", " ", "has", " ", "published", " ", "over", " ", "90", " ", "referred", " ", "journal", " ", "and", " ", "conference", " ", "papers. ", "He", " ", "is", " ", "also", " ", "a", " ", "senior", " ", "member", " ", "of", " ", "both", " ", "ACM", " ", "and", " ", "the", " ", "IEEE", "."], ["\u6f14\u8bb2", "\u6458\u8981", "\uff1a"], ["Spatial", " ", "data", " ", "stands", " ", "for", " ", "any", " ", "kind", " ", "of", " ", "data", " ", "that", " ", "has", " ", "one", " ", "or", " ", "more", " ", "fields", " ", "concerning", " ", "with", " ", "location", ",", " ", "shape", ",", " ", "area", " ", "and", " ", "similar", " ", "attributes", ".", " ", "Spatial", " ", "data", " ", "mining", " ", "tries", " ", "to", " ", "understand", " ", "spatial", " ", "data", ",", " ", "discover", " ", "relationships", " ", "between", " ", "spatial", " ", "and", " ", "non", "-", "spatial", " ", "data", ",", " ", "and", " ", "construct", " ", "spatial", " ", "knowledge", " ", "bases", ".", " ", "Recently", ",", " ", "the", " ", "increasing", " ", "availability", " ", "of", " ", "GPS", "-", "enabled", " ", "devices", " ", "is", " ", "changing", " ", "the", " ", "way", " ", "people", " ", "interact", " ", "with", " ", "the", " ", "Web", " ", "and", " ", "brings", " ", "us", " ", "a", " ", "large", " ", "number", " ", "of", " ", "GPS", " ", "trajectories", " ", "representing", " ", "people", "\u2019", "s", " ", "location", " ", "histories", ".", " ", "Such", " ", "real", "-", "world", " ", "location", " ", "histories", " ", "imply", ",", " ", "to", " ", "some", " ", "extent", ",", " ", "users", "\u2019", " ", "interests", " ", "and", " ", "intentions", " ", "and", " ", "enable", " ", "us", " ", "to", " ", "better", " ", "understand", " ", "people", " ", "and", " ", "locations", ".", " ", "At", " ", "Microsoft", " ", "Research", " ", "Asia", ",", " ", "we", " ", "are", " ", "working", " ", "on", " ", "various", " ", "spatial", " ", "data", " ", "mining", " ", "technologies", " ", "for", " ", "different", " ", "applications", ".", " ", "In", " ", "this", " ", "talk", ",", " ", "I", " ", "will", " ", "present", " ", "our", " ", "recent", " ", "work", " ", "on", " ", "this", " ", "direction", ",", " ", "as", " ", "well", " ", "as", " ", "other", " ", "related", " ", "works", " ", "in", " ", "Microsoft", " ", "and", " ", "the", " ", "industry", "."], ["\u6f14\u8bb2\u4eba", "\u7b80\u4ecb"]]]