[["A Few Thoughts on Technology Acceptance Research", "\u53d1\u5e03\u65f6\u95f4: 2010-06-21 08:28:00", "\u6d4f\u89c8\u6b21\u6570: 7053", "\u4f9b\u7a3f\uff1a\u672a\u77e5", "\u6f14\u8bb2\u4eba\uff1a\u53c2\u8003\u4e0b\u65b9", "\u8bb2\u5ea7\u65f6\u95f4\uff1a0000-00-00 00:00:00", "\u8bb2\u5ea7\u5730\u70b9\uff1a--", "\u8bb2\u5ea7\u5185\u5bb9", "\u6f14\u8bb2\u4eba: Wei Zhang", "\u8bb2\u5ea7\u65f6\u95f4: 6\u670822\u65e5\u4e0a\u53489:00-11:30", "\u8bb2\u5ea7\u5730\u70b9:  \u4fe1\u606f\u697c\u56db\u5c42\u62a5\u544a\u5385", "\u8bb2\u5ea7\u5185\u5bb9:", "Abstract:", "Technology acceptance has enjoyed a long, rich research history and is perhaps the most prolific research area in the Information Systems (IS) field. In this talk, we will briefly review the history of technology acceptance research and discuss the new challenges presented by the ever-evolving social and technical environment. We will also share a few thoughts on how to address these challenges. Most importantly, we call for new theoretical perspectives and in-depth investigations of acceptance of emerging technologies in the changed social environment.", "Bio-sketch:", "Wei Zhang is an associate professor in College of Management, University of Massachusetts Boston, and is currently visiting School of Management, Fudan University in Shanghai, China. His research interests include knowledge management, technology acceptance, and Information Systems Education. Dr. Zhang has published in journals such as Journal of Association for Information Systems, Social Work, Communications of the Association for Information Systems, and Journal of Information Systems Education. He earned his bachelor\u2019s degree from University of Science and Technology of China, his master\u2019s degree from Renmin University of China, and his doctorate in management information systems from Boston University.\n\n\u6ce8\uff1a\u5e94\u4fe1\u606f\u7cfb\u548c\u6570\u636e\u5de5\u7a0b\u5b9e\u9a8c\u5ba4\u7684\u9080\u8bf7\uff0c\u7f8e\u56fd\u9ebb\u7701\u5927\u5b66\u674e\u5c0f\u767d\u526f\u6559\u6388\u548c\u5f20\u709c\u526f\u6559\u63886\u670822\u65e5\u5468\u4e8c\u4e0a\u53489\u70b9\u81f311\u70b9\u534a\u505a\u5ba2\u4fe1\u606f\u8bb2\u575b\uff0c\u6b22\u8fce\u5404\u4f4d\u8001\u5e08\u53c2\u52a0\u3002", "\u6f14\u8bb2\u4eba\u7b80\u4ecb"], [["A", " ", "Few", " ", "Thoughts", " ", "on", " ", "Technology", " ", "Acceptance", " ", "Research"], ["\u53d1\u5e03", "\u65f6\u95f4", ":", " ", "2010", "-", "06", "-", "21", " ", "08", ":", "28", ":00"], ["\u6d4f\u89c8", "\u6b21\u6570", ":", " ", "7053"], ["\u4f9b\u7a3f", "\uff1a", "\u672a\u77e5"], ["\u6f14\u8bb2\u4eba", "\uff1a", "\u53c2\u8003", "\u4e0b\u65b9"], ["\u8bb2\u5ea7", "\u65f6\u95f4", "\uff1a", "0000", "-", "00", "-", "00", " ", "00:00", ":00"], ["\u8bb2\u5ea7", "\u5730\u70b9", "\uff1a", "-", "-"], ["\u8bb2\u5ea7", "\u5185\u5bb9"], ["\u6f14\u8bb2\u4eba", ":", " ", "Wei", " ", "Zhang"], ["\u8bb2\u5ea7", "\u65f6\u95f4", ":", " ", "6\u6708", "22\u65e5", "\u4e0a\u5348", "9:00", "-", "11:30"], ["\u8bb2\u5ea7", "\u5730\u70b9", ":", " ", " ", "\u4fe1\u606f\u697c", "\u56db", "\u5c42", "\u62a5\u544a\u5385"], ["\u8bb2\u5ea7", "\u5185\u5bb9", ":"], ["Abstract", ":"], ["Technology", " ", "acceptance", " ", "has", " ", "enjoyed", " ", "a", " ", "long", ",", " ", "rich", " ", "research", " ", "history", " ", "and", " ", "is", " ", "perhaps", " ", "the", " ", "most", " ", "prolific", " ", "research", " ", "area", " ", "in", " ", "the", " ", "Information", " ", "Systems", " ", "(", "IS", ")", " ", "field", ".", " ", "In", " ", "this", " ", "talk", ",", " ", "we", " ", "will", " ", "briefly", " ", "review", " ", "the", " ", "history", " ", "of", " ", "technology", " ", "acceptance", " ", "research", " ", "and", " ", "discuss", " ", "the", " ", "new", " ", "challenges", " ", "presented", " ", "by", " ", "the", " ", "ever", "-", "evolving", " ", "social", " ", "and", " ", "technical", " ", "environment", ".", " ", "We", " ", "will", " ", "also", " ", "share", " ", "a", " ", "few", " ", "thoughts", " ", "on", " ", "how", " ", "to", " ", "address", " ", "these", " ", "challenges", ".", " ", "Most", " ", "importantly", ",", " ", "we", " ", "call", " ", "for", " ", "new", " ", "theoretical", " ", "perspectives", " ", "and", " ", "in", "-", "depth", " ", "investigations", " ", "of", " ", "acceptance", " ", "of", " ", "emerging", " ", "technologies", " ", "in", " ", "the", " ", "changed", " ", "social", " ", "environment", "."], ["Bio", "-", "sketch", ":"], ["Wei", " ", "Zhang", " ", "is", " ", "an", " ", "associate", " ", "professor", " ", "in", " ", "College", " ", "of", " ", "Management", ",", " ", "University", " ", "of", " ", "Massachusetts", " ", "Boston", ",", " ", "and", " ", "is", " ", "currently", " ", "visiting", " ", "School", " ", "of", " ", "Management", ",", " ", "Fudan", " ", "University", " ", "in", " ", "Shanghai", ",", " ", "China", ".", " ", "His", " ", "research", " ", "interests", " ", "include", " ", "knowledge", " ", "management", ",", " ", "technology", " ", "acceptance", ",", " ", "and", " ", "Information", " ", "Systems", " ", "Education", ".", " ", "Dr. ", "Zhang", " ", "has", " ", "published", " ", "in", " ", "journals", " ", "such", " ", "as", " ", "Journal", " ", "of", " ", "Association", " ", "for", " ", "Information", " ", "Systems", ",", " ", "Social", " ", "Work", ",", " ", "Communications", " ", "of", " ", "the", " ", "Association", " ", "for", " ", "Information", " ", "Systems", ",", " ", "and", " ", "Journal", " ", "of", " ", "Information", " ", "Systems", " ", "Education. ", "He", " ", "earned", " ", "his", " ", "bachelor", "\u2019", "s", " ", "degree", " ", "from", " ", "University", " ", "of", " ", "Science", " ", "and", " ", "Technology", " ", "of", " ", "China", ",", " ", "his", " ", "master", "\u2019", "s", " ", "degree", " ", "from", " ", "Renmin", " ", "University", " ", "of", " ", "China", ",", " ", "and", " ", "his", " ", "doctorate", " ", "in", " ", "management", " ", "information", " ", "systems", " ", "from", " ", "Boston", " ", "University", ".", "\n", "\n", "\u6ce8", "\uff1a", "\u5e94", "\u4fe1\u606f\u7cfb", "\u548c", "\u6570\u636e", "\u5de5\u7a0b", "\u5b9e\u9a8c\u5ba4", "\u7684", "\u9080\u8bf7", "\uff0c", "\u7f8e\u56fd", "\u9ebb\u7701", "\u5927\u5b66", "\u674e\u5c0f\u767d", "\u526f\u6559\u6388", "\u548c", "\u5f20\u709c", "\u526f\u6559\u6388", "6\u6708", "22\u65e5", "\u5468\u4e8c", "\u4e0a\u5348", "9\u70b9", "\u81f3", "11\u70b9\u534a", "\u505a\u5ba2", "\u4fe1\u606f", "\u8bb2\u575b", "\uff0c", "\u6b22\u8fce", "\u5404\u4f4d", "\u8001\u5e08", "\u53c2\u52a0", "\u3002"], ["\u6f14\u8bb2\u4eba", "\u7b80\u4ecb"]]]