[["(\u90ae\u7bb1\u66f4\u6539\uff09\u7559\u5b66\u535a\u58eb\u56de\u56fd\u8bb2\u5b66\uff1aJava\u4e2d\u7b97\u6cd5\u4e0e\u6570\u636e\u7ed3\u6784\u7684\u8fd0\u7528", "\u53d1\u5e03\u65f6\u95f4: 2011-06-16 17:42:00", "\u6d4f\u89c8\u6b21\u6570: 4534", "\u4f9b\u7a3f\uff1a\u672a\u77e5", "\u6f14\u8bb2\u4eba\uff1a\u53c2\u8003\u4e0b\u65b9", "\u8bb2\u5ea7\u65f6\u95f4\uff1a0000-00-00 00:00:00", "\u8bb2\u5ea7\u5730\u70b9\uff1a--", "\u8bb2\u5ea7\u5185\u5bb9", "\u6f14\u8bb2\u4eba: \u79e6\u7490", "\u8bb2\u5ea7\u65f6\u95f4: \u6691\u671f\u56fd\u9645\u5c0f\u5b66\u671f\uff0c\u8ba12\u5b66\u5206", "\u8bb2\u5ea7\u5730\u70b9:  \u4fe1\u606f\u697c417", "\u8bb2\u5ea7\u5185\u5bb9:", "\u8bfe\u7a0b\u540d\u79f0\uff1a"], [["(", "\u90ae\u7bb1", "\u66f4\u6539", "\uff09", "\u7559\u5b66", "\u535a\u58eb", "\u56de\u56fd", "\u8bb2\u5b66", "\uff1a", "Java", "\u4e2d", "\u7b97\u6cd5", "\u4e0e", "\u6570\u636e", "\u7ed3\u6784", "\u7684", "\u8fd0\u7528"], ["\u53d1\u5e03", "\u65f6\u95f4", ":", " ", "2011", "-", "06", "-", "16", " ", "17", ":", "42", ":00"], ["\u6d4f\u89c8", "\u6b21\u6570", ":", " ", "4534"], ["\u4f9b\u7a3f", "\uff1a", "\u672a\u77e5"], ["\u6f14\u8bb2\u4eba", "\uff1a", "\u53c2\u8003", "\u4e0b\u65b9"], ["\u8bb2\u5ea7", "\u65f6\u95f4", "\uff1a", "0000", "-", "00", "-", "00", " ", "00:00", ":00"], ["\u8bb2\u5ea7", "\u5730\u70b9", "\uff1a", "-", "-"], ["\u8bb2\u5ea7", "\u5185\u5bb9"], ["\u6f14\u8bb2\u4eba", ":", " ", "\u79e6\u7490"], ["\u8bb2\u5ea7", "\u65f6\u95f4", ":", " ", "\u6691\u671f", "\u56fd\u9645", "\u5c0f\u5b66\u671f", "\uff0c", "\u8ba1", "2", "\u5b66\u5206"], ["\u8bb2\u5ea7", "\u5730\u70b9", ":", " ", " ", "\u4fe1\u606f\u697c", "417"], ["\u8bb2\u5ea7", "\u5185\u5bb9", ":"], ["\u8bfe\u7a0b", "\u540d\u79f0", "\uff1a"]]]