[["\u8ba1\u7b97\u673a\u7cfb\u8bb2\u5ea7\uff1aSummarizing Distributed Data", "\u53d1\u5e03\u65f6\u95f4: 2015-01-17 21:36:42", "\u6d4f\u89c8\u6b21\u6570: 3944", "\u4f9b\u7a3f\uff1a-", "\u6f14\u8bb2\u4eba\uff1a\u6613\u73c2\u6559\u6388", "\u8bb2\u5ea7\u65f6\u95f4\uff1a2015-01-14 21:30:30", "\u8bb2\u5ea7\u5730\u70b9\uff1a\u4fe1\u606f\u697c2\u5c42 257\u4f1a\u8bae\u5ba4", "\u8bb2\u5ea7\u5185\u5bb9", "Abstract:", "Data summarization is an effective approach to dealing with the \u201cbig data\u201d problem. While data summarization problems traditionally have been studied is the streaming model, the focus is starting to shift to distributed models, as distributed/parallel computation seems to be the only viable way to handle today\u2019s massive data sets.  In this talk, I will show how some fundamental data summaries can be computed over distributed data with low communication costs.", "Biography:", "Ke YI is an Associate Professor in the Department of Computer Science and Engineering, Hong Kong University of Science and Technology.  He obtained his B.E. from Tsinghua University and Ph.D. from Duke University, in 2001 and 2006 respectively, both in computer science. Before joining HKUST, he was a researcher in the database department at AT&T Labs.  His research focus is on massive data algorithms and their applications in database systems.", "\u6f14\u8bb2\u4eba\u7b80\u4ecb"], [["\u8ba1\u7b97\u673a\u7cfb", "\u8bb2\u5ea7", "\uff1a", "Summarizing", " ", "Distributed", " ", "Data"], ["\u53d1\u5e03", "\u65f6\u95f4", ":", " ", "2015", "-", "01", "-", "17", " ", "21", ":", "36", ":42"], ["\u6d4f\u89c8", "\u6b21\u6570", ":", " ", "3944"], ["\u4f9b\u7a3f", "\uff1a", "-"], ["\u6f14\u8bb2\u4eba", "\uff1a", "\u6613\u73c2", "\u6559\u6388"], ["\u8bb2\u5ea7", "\u65f6\u95f4", "\uff1a", "2015", "-", "01", "-", "14", " ", "21", ":", "30", ":30"], ["\u8bb2\u5ea7", "\u5730\u70b9", "\uff1a", "\u4fe1\u606f\u697c", "2", "\u5c42", " ", "257", "\u4f1a\u8bae\u5ba4"], ["\u8bb2\u5ea7", "\u5185\u5bb9"], ["Abstract", ":"], ["Data", " ", "summarization", " ", "is", " ", "an", " ", "effective", " ", "approach", " ", "to", " ", "dealing", " ", "with", " ", "the", " ", "\u201c", "big", " ", "data", "\u201d", " ", "problem.", " ", "While", " ", "data", " ", "summarization", " ", "problems", " ", "traditionally", " ", "have", " ", "been", " ", "studied", " ", "is", " ", "the", " ", "streaming", " ", "model", ",", " ", "the", " ", "focus", " ", "is", " ", "starting", " ", "to", " ", "shift", " ", "to", " ", "distributed", " ", "models", ",", " ", "as", " ", "distributed/parallel", " ", "computation", " ", "seems", " ", "to", " ", "be", " ", "the", " ", "only", " ", "viable", " ", "way", " ", "to", " ", "handle", " ", "today", "\u2019", "s", " ", "massive", " ", "data", " ", "sets", ".", " ", " ", "In", " ", "this", " ", "talk", ",", " ", "I", " ", "will", " ", "show", " ", "how", " ", "some", " ", "fundamental", " ", "data", " ", "summaries", " ", "can", " ", "be", " ", "computed", " ", "over", " ", "distributed", " ", "data", " ", "with", " ", "low", " ", "communication", " ", "costs", "."], ["Biography", ":"], ["Ke", " ", "YI", " ", "is", " ", "an", " ", "Associate", " ", "Professor", " ", "in", " ", "the", " ", "Department", " ", "of", " ", "Computer", " ", "Science", " ", "and", " ", "Engineering", ",", " ", "Hong", " ", "Kong", " ", "University", " ", "of", " ", "Science", " ", "and", " ", "Technology", ".", " ", " ", "He", " ", "obtained", " ", "his", " ", "B.E.", " ", "from", " ", "Tsinghua", " ", "University", " ", "and", " ", "Ph.D.", " ", "from", " ", "Duke", " ", "University", ",", " ", "in", " ", "2001", " ", "and", " ", "2006", " ", "respectively", ",", " ", "both", " ", "in", " ", "computer", " ", "science", ".", " ", "Before", " ", "joining", " ", "HKUST", ",", " ", "he", " ", "was", " ", "a", " ", "researcher", " ", "in", " ", "the", " ", "database", " ", "department", " ", "at", " ", "AT&T", " ", "Labs", ".", " ", " ", "His", " ", "research", " ", "focus", " ", "is", " ", "on", " ", "massive", " ", "data", " ", "algorithms", " ", "and", " ", "their", " ", "applications", " ", "in", " ", "database", " ", "systems", "."], ["\u6f14\u8bb2\u4eba", "\u7b80\u4ecb"]]]