[["\u6570\u5b66\u79d1\u5b66\u7814\u7a76\u9662\u4e13\u9898\u6f14\u8bb2\u4f1a:Wave propagation in chemotaxis system with logarithmic singularity", "\u53d1\u5e03\u65f6\u95f4: 2014-12-10 18:37:00", "\u6d4f\u89c8\u6b21\u6570: 3924", "\u4f9b\u7a3f\uff1a\u672a\u77e5", "\u6f14\u8bb2\u4eba\uff1a\u53c2\u8003\u4e0b\u65b9", "\u8bb2\u5ea7\u65f6\u95f4\uff1a0000-00-00 00:00:00", "\u8bb2\u5ea7\u5730\u70b9\uff1a--", "\u8bb2\u5ea7\u5185\u5bb9", "\u6f14\u8bb2\u4eba: Zhian Wang\uff0cDepartment of Applied Mathematics", "\u8bb2\u5ea7\u65f6\u95f4: 2014\u5e7412\u670816\u65e5\uff0c10:00-11:00am", "\u8bb2\u5ea7\u5730\u70b9:  \u4e2d\u56fd\u4eba\u6c11\u5927\u5b66\u73af\u5883\u5b66\u9662316\u623f\u95f4", "\u8bb2\u5ea7\u5185\u5bb9:", "Compared to the classical chemotaxis models with linear chemotactic sensitivity, logarithmic sensitivity has more specific applications in modeling biological processes such as the bacterial movement and onset of tumor angiogenesis. The typical patterns generated by the logarithmic sensitivity are traveling waves which were explicitly observed in the experiment. However the logarithmic sensitivity induces a singularity and hence brings a great challenge for mathematical analysis. In this talk, the recent progress of existence and stability of traveling waves of chemotaxis model with logarithmic sensitivity will be reported and some new insights and open questions will be discussed.", "\u6f14\u8bb2\u4eba\u7b80\u4ecb"], [["\u6570\u5b66", "\u79d1\u5b66", "\u7814\u7a76\u9662", "\u4e13\u9898", "\u6f14\u8bb2\u4f1a", ":", "Wave", " ", "propagation", " ", "in", " ", "chemotaxis", " ", "system", " ", "with", " ", "logarithmic", " ", "singularity"], ["\u53d1\u5e03", "\u65f6\u95f4", ":", " ", "2014", "-", "12", "-", "10", " ", "18", ":", "37", ":00"], ["\u6d4f\u89c8", "\u6b21\u6570", ":", " ", "3924"], ["\u4f9b\u7a3f", "\uff1a", "\u672a\u77e5"], ["\u6f14\u8bb2\u4eba", "\uff1a", "\u53c2\u8003", "\u4e0b\u65b9"], ["\u8bb2\u5ea7", "\u65f6\u95f4", "\uff1a", "0000", "-", "00", "-", "00", " ", "00:00", ":00"], ["\u8bb2\u5ea7", "\u5730\u70b9", "\uff1a", "-", "-"], ["\u8bb2\u5ea7", "\u5185\u5bb9"], ["\u6f14\u8bb2\u4eba", ":", " ", "Zhian", " ", "Wang", "\uff0c", "Department", " ", "of", " ", "Applied", " ", "Mathematics"], ["\u8bb2\u5ea7", "\u65f6\u95f4", ":", " ", "2014\u5e74", "12\u6708", "16\u65e5", "\uff0c", "10:00", "-", "11:00", "am"], ["\u8bb2\u5ea7", "\u5730\u70b9", ":", " ", " ", "\u4e2d\u56fd", "\u4eba\u6c11", "\u5927\u5b66", "\u73af\u5883", "\u5b66\u9662", "316", "\u623f\u95f4"], ["\u8bb2\u5ea7", "\u5185\u5bb9", ":"], ["Compared", " ", "to", " ", "the", " ", "classical", " ", "chemotaxis", " ", "models", " ", "with", " ", "linear", " ", "chemotactic", " ", "sensitivity", ",", " ", "logarithmic", " ", "sensitivity", " ", "has", " ", "more", " ", "specific", " ", "applications", " ", "in", " ", "modeling", " ", "biological", " ", "processes", " ", "such", " ", "as", " ", "the", " ", "bacterial", " ", "movement", " ", "and", " ", "onset", " ", "of", " ", "tumor", " ", "angiogenesis", ".", " ", "The", " ", "typical", " ", "patterns", " ", "generated", " ", "by", " ", "the", " ", "logarithmic", " ", "sensitivity", " ", "are", " ", "traveling", " ", "waves", " ", "which", " ", "were", " ", "explicitly", " ", "observed", " ", "in", " ", "the", " ", "experiment.", " ", "However", " ", "the", " ", "logarithmic", " ", "sensitivity", " ", "induces", " ", "a", " ", "singularity", " ", "and", " ", "hence", " ", "brings", " ", "a", " ", "great", " ", "challenge", " ", "for", " ", "mathematical", " ", "analysis", ".", " ", "In", " ", "this", " ", "talk", ",", " ", "the", " ", "recent", " ", "progress", " ", "of", " ", "existence", " ", "and", " ", "stability", " ", "of", " ", "traveling", " ", "waves", " ", "of", " ", "chemotaxis", " ", "model", " ", "with", " ", "logarithmic", " ", "sensitivity", " ", "will", " ", "be", " ", "reported", " ", "and", " ", "some", " ", "new", " ", "insights", " ", "and", " ", "open", " ", "questions", " ", "will", " ", "be", " ", "discussed", "."], ["\u6f14\u8bb2\u4eba", "\u7b80\u4ecb"]]]