[["\u6570\u5b66\u7cfb\u5218\u4e3d\u5149\u8001\u5e08\u56de\u56fd\u5b66\u672f\u62a5\u544a\uff1aHeat kernel and Lipschitz-Besov spaces", "\u53d1\u5e03\u65f6\u95f4: 2014-05-23 17:41:00", "\u6d4f\u89c8\u6b21\u6570: 5084", "\u4f9b\u7a3f\uff1a\u672a\u77e5", "\u6f14\u8bb2\u4eba\uff1a\u53c2\u8003\u4e0b\u65b9", "\u8bb2\u5ea7\u65f6\u95f4\uff1a0000-00-00 00:00:00", "\u8bb2\u5ea7\u5730\u70b9\uff1a--", "\u8bb2\u5ea7\u5185\u5bb9", "\u6f14\u8bb2\u4eba: \u5218\u4e3d\u5149", "\u8bb2\u5ea7\u65f6\u95f4: 5\u670828\u65e5(\u5468\u4e09)\u4e0b\u53482\uff1a00-3\uff1a00", "\u8bb2\u5ea7\u5730\u70b9:  \u4fe1\u606f\u697c3\u5c42343\u7814\u8ba8\u5ba4", "\u8bb2\u5ea7\u5185\u5bb9:  \u6458\u8981\uff1a \nOn a metric measure space $( M,\nho ,mu ) $ we consider a family of the Lipschitz-Besov spaces $Lambda _{p,q}^{s}$ that is defined only using the metric $\nho $ and measure $mu $,\nand a family of Besov spaces $B_{p,q}^{s}$ that is defined using an auxiliary self-adjoint operator $L$ and the associated heat semigroup. Under certain assumptions about the heat kernel of $L$, we prove the identity of the two families of the function spaces.\n\n\u6b22\u8fce\u6570\u5b66\u7cfb\u5e08\u751f\u53c2\u52a0\uff01", "\u6f14\u8bb2\u4eba\u7b80\u4ecb"], [["\u6570\u5b66\u7cfb", "\u5218\u4e3d\u5149", "\u8001\u5e08", "\u56de\u56fd", "\u5b66\u672f", "\u62a5\u544a", "\uff1a", "Heat", " ", "kernel", " ", "and", " ", "Lipschitz", "-", "Besov", " ", "spaces"], ["\u53d1\u5e03", "\u65f6\u95f4", ":", " ", "2014", "-", "05", "-", "23", " ", "17", ":", "41", ":00"], ["\u6d4f\u89c8", "\u6b21\u6570", ":", " ", "5084"], ["\u4f9b\u7a3f", "\uff1a", "\u672a\u77e5"], ["\u6f14\u8bb2\u4eba", "\uff1a", "\u53c2\u8003", "\u4e0b\u65b9"], ["\u8bb2\u5ea7", "\u65f6\u95f4", "\uff1a", "0000", "-", "00", "-", "00", " ", "00:00", ":00"], ["\u8bb2\u5ea7", "\u5730\u70b9", "\uff1a", "-", "-"], ["\u8bb2\u5ea7", "\u5185\u5bb9"], ["\u6f14\u8bb2\u4eba", ":", " ", "\u5218\u4e3d\u5149"], ["\u8bb2\u5ea7", "\u65f6\u95f4", ":", " ", "5\u6708", "28\u65e5", "(", "\u5468\u4e09", ")", "\u4e0b\u5348", "2\uff1a00", "-", "3\uff1a00"], ["\u8bb2\u5ea7", "\u5730\u70b9", ":", " ", " ", "\u4fe1\u606f\u697c", "3", "\u5c42", "343", "\u7814\u8ba8\u5ba4"], ["\u8bb2\u5ea7", "\u5185\u5bb9", ":", " ", " ", "\u6458\u8981", "\uff1a", " ", "\n", "On", " ", "a", " ", "metric", " ", "measure", " ", "space", " ", "$", "(", " ", "M", ",", "\n", "ho", " ", ",", "mu", " ", ")", " ", "$", " ", "we", " ", "consider", " ", "a", " ", "family", " ", "of", " ", "the", " ", "Lipschitz", "-", "Besov", " ", "spaces", " ", "$Lambda", " ", "_", "{", "p", ",", "q", "}", "^", "{", "s", "}", "$", " ", "that", " ", "is", " ", "defined", " ", "only", " ", "using", " ", "the", " ", "metric", " ", "$", "\n", "ho", " ", "$", " ", "and", " ", "measure", " ", "$mu", " ", "$", ",", "\n", "and", " ", "a", " ", "family", " ", "of", " ", "Besov", " ", "spaces", " ", "$B_", "{", "p", ",", "q", "}", "^", "{", "s", "}", "$", " ", "that", " ", "is", " ", "defined", " ", "using", " ", "an", " ", "auxiliary", " ", "self", "-", "adjoint", " ", "operator", " ", "$L$", " ", "and", " ", "the", " ", "associated", " ", "heat", " ", "semigroup", ".", " ", "Under", " ", "certain", " ", "assumptions", " ", "about", " ", "the", " ", "heat", " ", "kernel", " ", "of", " ", "$L$", ",", " ", "we", " ", "prove", " ", "the", " ", "identity", " ", "of", " ", "the", " ", "two", " ", "families", " ", "of", " ", "the", " ", "function", " ", "spaces", ".", "\n", "\n", "\u6b22\u8fce", "\u6570\u5b66\u7cfb", "\u5e08\u751f", "\u53c2\u52a0", "\uff01"], ["\u6f14\u8bb2\u4eba", "\u7b80\u4ecb"]]]