[["\u4fe1\u606f\u7cfb\u8bb2\u5ea7\uff1aBig Data Analytics for Detecting Deceptive Product Comments in Online Social Media", "\u53d1\u5e03\u65f6\u95f4: 2014-10-21 12:37:00", "\u6d4f\u89c8\u6b21\u6570: 4334", "\u4f9b\u7a3f\uff1a\u672a\u77e5", "\u6f14\u8bb2\u4eba\uff1a\u53c2\u8003\u4e0b\u65b9", "\u8bb2\u5ea7\u65f6\u95f4\uff1a0000-00-00 00:00:00", "\u8bb2\u5ea7\u5730\u70b9\uff1a--", "\u8bb2\u5ea7\u5185\u5bb9", "\u6f14\u8bb2\u4eba: Raymond LAU\u526f\u6559\u6388", "\u8bb2\u5ea7\u65f6\u95f4: 10\u670824\u65e5\uff08\u5468\u4e94\uff09\u4e0b\u534814:00-15:30", "\u8bb2\u5ea7\u5730\u70b9:  \u4fe1\u606f\u697c0115\u6559\u5ba4", "\u8bb2\u5ea7\u5185\u5bb9:  Deceptive online product comments have been the subject of discussion in the business press and in the legal circle recently. However, existing methods of deceptive product comment detection cannot scale up with the ever expanding big social media data. Guided by the design science research methodology, one major contribution of our research is the design of novel big data analytics methods for the scalable extraction of near duplicate and diffusion network features from big social media data to enhance deceptive product comment detection. Since very few studies have examined the issue of \u201cveracity\u201d of big data, another important theoretical contribution of our research is the design of a Hadoop-based computational method to automatically assess the \u201cveracity\u201d (e.g., truthfulness) of big social media data. The managerial implication of our research is that organizations can apply our design artifacts to extract more accurate business intelligence from filtered user-contributed comments, and hence to develop timely and effective business strategies. Moreover, management of online social media sites can leverage our design artifacts to improve the hygiene of user-contributed contents archived at their sites. The societal implication of our work is that consumer welfare is better protected due to the filtering of deceptive product comments.", "\u4f5c\u8005\u4ecb\u7ecd", "Raymond Y. K. LAU is an Associate Professor in the Department of Information Systems at City University of Hong Kong. Dr. Lau has worked in the ICT industry and the academia for over twenty-five years. He is the author of over 100 refereed international journals and conference papers. His research work has been published in renowned journals such as MIS Quarterly, INFORMS Journal on Computing, ACM Transactions on Information Systems, IEEE Transactions on Knowledge and Data Engineering, IEEE Internet Computing, IEEE Computational Intelligence Magazine, Journal of MIS, etc. His research interests include Social Media Analytics, Big Data Stream Analytics, and Information Retrieval. He is the associate editors of ACM Transactions on MIS and the guess associate editor of MIS Quarterly for the special issue of \u201cBig Data\u201d. Dr. Lau is a senior member of the IEEE and the ACM, respectively. He is also a life member of the Hong Kong Computer Society.", "\u6f14\u8bb2\u4eba\u7b80\u4ecb"], [["\u4fe1\u606f\u7cfb", "\u8bb2\u5ea7", "\uff1a", "Big", " ", "Data", " ", "Analytics", " ", "for", " ", "Detecting", " ", "Deceptive", " ", "Product", " ", "Comments", " ", "in", " ", "Online", " ", "Social", " ", "Media"], ["\u53d1\u5e03", "\u65f6\u95f4", ":", " ", "2014", "-", "10", "-", "21", " ", "12", ":", "37", ":00"], ["\u6d4f\u89c8", "\u6b21\u6570", ":", " ", "4334"], ["\u4f9b\u7a3f", "\uff1a", "\u672a\u77e5"], ["\u6f14\u8bb2\u4eba", "\uff1a", "\u53c2\u8003", "\u4e0b\u65b9"], ["\u8bb2\u5ea7", "\u65f6\u95f4", "\uff1a", "0000", "-", "00", "-", "00", " ", "00:00", ":00"], ["\u8bb2\u5ea7", "\u5730\u70b9", "\uff1a", "-", "-"], ["\u8bb2\u5ea7", "\u5185\u5bb9"], ["\u6f14\u8bb2\u4eba", ":", " ", "Raymond", " ", "LAU", "\u526f\u6559\u6388"], ["\u8bb2\u5ea7", "\u65f6\u95f4", ":", " ", "10\u6708", "24\u65e5", "\uff08", "\u5468\u4e94", "\uff09", "\u4e0b\u5348", "14:00", "-", "15:30"], ["\u8bb2\u5ea7", "\u5730\u70b9", ":", " ", " ", "\u4fe1\u606f\u697c", "0115", "\u6559\u5ba4"], ["\u8bb2\u5ea7", "\u5185\u5bb9", ":", " ", " ", "Deceptive", " ", "online", " ", "product", " ", "comments", " ", "have", " ", "been", " ", "the", " ", "subject", " ", "of", " ", "discussion", " ", "in", " ", "the", " ", "business", " ", "press", " ", "and", " ", "in", " ", "the", " ", "legal", " ", "circle", " ", "recently.", " ", "However", ",", " ", "existing", " ", "methods", " ", "of", " ", "deceptive", " ", "product", " ", "comment", " ", "detection", " ", "cannot", " ", "scale", " ", "up", " ", "with", " ", "the", " ", "ever", " ", "expanding", " ", "big", " ", "social", " ", "media", " ", "data", ".", " ", "Guided", " ", "by", " ", "the", " ", "design", " ", "science", " ", "research", " ", "methodology", ",", " ", "one", " ", "major", " ", "contribution", " ", "of", " ", "our", " ", "research", " ", "is", " ", "the", " ", "design", " ", "of", " ", "novel", " ", "big", " ", "data", " ", "analytics", " ", "methods", " ", "for", " ", "the", " ", "scalable", " ", "extraction", " ", "of", " ", "near", " ", "duplicate", " ", "and", " ", "diffusion", " ", "network", " ", "features", " ", "from", " ", "big", " ", "social", " ", "media", " ", "data", " ", "to", " ", "enhance", " ", "deceptive", " ", "product", " ", "comment", " ", "detection", ".", " ", "Since", " ", "very", " ", "few", " ", "studies", " ", "have", " ", "examined", " ", "the", " ", "issue", " ", "of", " ", "\u201c", "veracity", "\u201d", " ", "of", " ", "big", " ", "data", ",", " ", "another", " ", "important", " ", "theoretical", " ", "contribution", " ", "of", " ", "our", " ", "research", " ", "is", " ", "the", " ", "design", " ", "of", " ", "a", " ", "Hadoop", "-", "based", " ", "computational", " ", "method", " ", "to", " ", "automatically", " ", "assess", " ", "the", " ", "\u201c", "veracity", "\u201d", " ", "(", "e.g.", ",", " ", "truthfulness", ")", " ", "of", " ", "big", " ", "social", " ", "media", " ", "data", ".", " ", "The", " ", "managerial", " ", "implication", " ", "of", " ", "our", " ", "research", " ", "is", " ", "that", " ", "organizations", " ", "can", " ", "apply", " ", "our", " ", "design", " ", "artifacts", " ", "to", " ", "extract", " ", "more", " ", "accurate", " ", "business", " ", "intelligence", " ", "from", " ", "filtered", " ", "user", "-", "contributed", " ", "comments", ",", " ", "and", " ", "hence", " ", "to", " ", "develop", " ", "timely", " ", "and", " ", "effective", " ", "business", " ", "strategies", ".", " ", "Moreover", ",", " ", "management", " ", "of", " ", "online", " ", "social", " ", "media", " ", "sites", " ", "can", " ", "leverage", " ", "our", " ", "design", " ", "artifacts", " ", "to", " ", "improve", " ", "the", " ", "hygiene", " ", "of", " ", "user", "-", "contributed", " ", "contents", " ", "archived", " ", "at", " ", "their", " ", "sites", ".", " ", "The", " ", "societal", " ", "implication", " ", "of", " ", "our", " ", "work", " ", "is", " ", "that", " ", "consumer", " ", "welfare", " ", "is", " ", "better", " ", "protected", " ", "due", " ", "to", " ", "the", " ", "filtering", " ", "of", " ", "deceptive", " ", "product", " ", "comments", "."], ["\u4f5c\u8005", "\u4ecb\u7ecd"], ["Raymond", " ", "Y.", " ", "K.", " ", "LAU", " ", "is", " ", "an", " ", "Associate", " ", "Professor", " ", "in", " ", "the", " ", "Department", " ", "of", " ", "Information", " ", "Systems", " ", "at", " ", "City", " ", "University", " ", "of", " ", "Hong", " ", "Kong", ".", " ", "Dr.", " ", "Lau", " ", "has", " ", "worked", " ", "in", " ", "the", " ", "ICT", " ", "industry", " ", "and", " ", "the", " ", "academia", " ", "for", " ", "over", " ", "twenty", "-", "five", " ", "years. ", "He", " ", "is", " ", "the", " ", "author", " ", "of", " ", "over", " ", "100", " ", "refereed", " ", "international", " ", "journals", " ", "and", " ", "conference", " ", "papers.", " ", "His", " ", "research", " ", "work", " ", "has", " ", "been", " ", "published", " ", "in", " ", "renowned", " ", "journals", " ", "such", " ", "as", " ", "MIS", " ", "Quarterly", ",", " ", "INFORMS", " ", "Journal", " ", "on", " ", "Computing", ",", " ", "ACM", " ", "Transactions", " ", "on", " ", "Information", " ", "Systems", ",", " ", "IEEE", " ", "Transactions", " ", "on", " ", "Knowledge", " ", "and", " ", "Data", " ", "Engineering", ",", " ", "IEEE", " ", "Internet", " ", "Computing", ",", " ", "IEEE", " ", "Computational", " ", "Intelligence", " ", "Magazine", ",", " ", "Journal", " ", "of", " ", "MIS", ",", " ", "etc", ".", " ", "His", " ", "research", " ", "interests", " ", "include", " ", "Social", " ", "Media", " ", "Analytics", ",", " ", "Big", " ", "Data", " ", "Stream", " ", "Analytics", ",", " ", "and", " ", "Information", " ", "Retrieval. ", "He", " ", "is", " ", "the", " ", "associate", " ", "editors", " ", "of", " ", "ACM", " ", "Transactions", " ", "on", " ", "MIS", " ", "and", " ", "the", " ", "guess", " ", "associate", " ", "editor", " ", "of", " ", "MIS", " ", "Quarterly", " ", "for", " ", "the", " ", "special", " ", "issue", " ", "of", " ", "\u201c", "Big", " ", "Data", "\u201d", ".", " ", "Dr.", " ", "Lau", " ", "is", " ", "a", " ", "senior", " ", "member", " ", "of", " ", "the", " ", "IEEE", " ", "and", " ", "the", " ", "ACM", ",", " ", "respectively. ", "He", " ", "is", " ", "also", " ", "a", " ", "life", " ", "member", " ", "of", " ", "the", " ", "Hong", " ", "Kong", " ", "Computer", " ", "Society", "."], ["\u6f14\u8bb2\u4eba", "\u7b80\u4ecb"]]]