[["\u8ba1\u7b97\u673a\u7cfb\u8bb2\u5ea7\uff1aFrom Sentiment Analysis to Learning Forever", "\u53d1\u5e03\u65f6\u95f4: 2014-05-21 08:36:00", "\u6d4f\u89c8\u6b21\u6570: 4670", "\u4f9b\u7a3f\uff1a\u672a\u77e5", "\u6f14\u8bb2\u4eba\uff1a\u53c2\u8003\u4e0b\u65b9", "\u8bb2\u5ea7\u65f6\u95f4\uff1a0000-00-00 00:00:00", "\u8bb2\u5ea7\u5730\u70b9\uff1a--", "\u8bb2\u5ea7\u5185\u5bb9", "\u6f14\u8bb2\u4eba: \u5218\u5175\u6559\u6388", "\u8bb2\u5ea7\u65f6\u95f4: 5\u670826\u65e5\uff08\u5468\u4e00\uff09\u4e0b\u53482:00-3:30", "\u8bb2\u5ea7\u5730\u70b9:  \u4fe1\u606f\u697c417", "\u8bb2\u5ea7\u5185\u5bb9:", "Abstract:", "Sentiment analysis (SA) or opinion mining is the computational study of people\u2019s opinions, sentiments, attitudes, and emotions expressed in written language. It is one of the most active research areas in natural language processing (NLP) and data mining. The popularity of SA is mainly due to two factors: almost unlimited applications and many challenging research problems. SA can be seen as a semantic analysis problem in NLP, but it is also highly targeted and bounded because a SA system does not need to fully \u201cunderstand\u201d each sentence or document. It only needs to comprehend some aspects of its meaning, e.g., positive/negative opinions and their targets. Due to this special nature of SA, it allows us to perform deeper language analyses to gain better insights into NLP than in the general setting because the complexity of the general setting of NLP is too overwhelming. Thus, although general natural language understanding is still far from us, we may be able to solve the SA problem satisfactorily. In this talk, I will first introduce SA and discuss the current state of the art, and then go into details to discuss a recent study of ours that aims to solve a SA problem but also contributes significantly to machine learning in the areas of topic modeling and lifelong learning.", "Biography\n\u5218\u5175\u6559\u6388\uff08\u4f0a\u5229\u8bfa\u4f0a\u5927\u5b66\u829d\u52a0\u54e5\u5206\u6821, SIGKDD Chair, IEEE Fellow\uff09", "Bing Liu is a professor of Computer Science at the University of Illinois at Chicago (UIC). He received his PhD in Artificial Intelligence from the University of Edinburgh. Before joining UIC, he was a faculty member at the National University of Singapore. His current research interests include sentiment analysis and opinion mining, data mining, machine learning, opinion spam detection, and natural language processing (NLP). He has published extensively in top conferences and journals. He is also the author of two books: \u201cSentiment Analysis and Opinion Mining\u201d (Morgan and Claypool, 2012) and \u201cWeb Data Mining: Exploring Hyperlinks, Contents and Usage Data\u201d (Springer, 2006 and 2nded., 2011). Apart from research impacts, his work has also made important social impacts. Some of his work has been widely reported in the popular press, including a front-page article in The New York Times. On professional services, Liu has served as program committee chair of most leading data mining related conferences of ACM, IEEE, and SIAM, including KDD, ICDM, CIKM, WSDM, SDM, and PAKDD, as associate editor for several leading data mining journals, including IEEE TKDE, TWEB, and DMKD, and as area/track chairs or senior PC members of numerous data mining, NLP, and Web technology conferences. He currently also serves as the Chair of ACM SIGKDD, and is an IEEE Fellow.Additional information about him can be found fromhttp://www.cs.uic.edu/~liub/.", "\u6f14\u8bb2\u4eba\u7b80\u4ecb"], [["\u8ba1\u7b97\u673a\u7cfb", "\u8bb2\u5ea7", "\uff1a", "From", " ", "Sentiment", " ", "Analysis", " ", "to", " ", "Learning", " ", "Forever"], ["\u53d1\u5e03", "\u65f6\u95f4", ":", " ", "2014", "-", "05", "-", "21", " ", "08", ":", "36", ":00"], ["\u6d4f\u89c8", "\u6b21\u6570", ":", " ", "4670"], ["\u4f9b\u7a3f", "\uff1a", "\u672a\u77e5"], ["\u6f14\u8bb2\u4eba", "\uff1a", "\u53c2\u8003", "\u4e0b\u65b9"], ["\u8bb2\u5ea7", "\u65f6\u95f4", "\uff1a", "0000", "-", "00", "-", "00", " ", "00:00", ":00"], ["\u8bb2\u5ea7", "\u5730\u70b9", "\uff1a", "-", "-"], ["\u8bb2\u5ea7", "\u5185\u5bb9"], ["\u6f14\u8bb2\u4eba", ":", " ", "\u5218\u5175", "\u6559\u6388"], ["\u8bb2\u5ea7", "\u65f6\u95f4", ":", " ", "5\u6708", "26\u65e5", "\uff08", "\u5468\u4e00", "\uff09", "\u4e0b\u5348", "2:00", "-", "3:30"], ["\u8bb2\u5ea7", "\u5730\u70b9", ":", " ", " ", "\u4fe1\u606f\u697c", "417"], ["\u8bb2\u5ea7", "\u5185\u5bb9", ":"], ["Abstract", ":"], ["Sentiment", " ", "analysis", " ", "(", "SA", ")", " ", "or", " ", "opinion", " ", "mining", " ", "is", " ", "the", " ", "computational", " ", "study", " ", "of", " ", "people", "\u2019", "s", " ", "opinions", ",", " ", "sentiments", ",", " ", "attitudes", ",", " ", "and", " ", "emotions", " ", "expressed", " ", "in", " ", "written", " ", "language", ".", " ", "It", " ", "is", " ", "one", " ", "of", " ", "the", " ", "most", " ", "active", " ", "research", " ", "areas", " ", "in", " ", "natural", " ", "language", " ", "processing", " ", "(", "NLP", ")", " ", "and", " ", "data", " ", "mining", ".", " ", "The", " ", "popularity", " ", "of", " ", "SA", " ", "is", " ", "mainly", " ", "due", " ", "to", " ", "two", " ", "factors", ":", " ", "almost", " ", "unlimited", " ", "applications", " ", "and", " ", "many", " ", "challenging", " ", "research", " ", "problems", ".", " ", "SA", " ", "can", " ", "be", " ", "seen", " ", "as", " ", "a", " ", "semantic", " ", "analysis", " ", "problem", " ", "in", " ", "NLP", ",", " ", "but", " ", "it", " ", "is", " ", "also", " ", "highly", " ", "targeted", " ", "and", " ", "bounded", " ", "because", " ", "a", " ", "SA", " ", "system", " ", "does", " ", "not", " ", "need", " ", "to", " ", "fully", " ", "\u201c", "understand", "\u201d", " ", "each", " ", "sentence", " ", "or", " ", "document", ".", " ", "It", " ", "only", " ", "needs", " ", "to", " ", "comprehend", " ", "some", " ", "aspects", " ", "of", " ", "its", " ", "meaning", ",", " ", "e.g.", ",", " ", "positive/negative", " ", "opinions", " ", "and", " ", "their", " ", "targets", ".", " ", "Due", " ", "to", " ", "this", " ", "special", " ", "nature", " ", "of", " ", "SA", ",", " ", "it", " ", "allows", " ", "us", " ", "to", " ", "perform", " ", "deeper", " ", "language", " ", "analyses", " ", "to", " ", "gain", " ", "better", " ", "insights", " ", "into", " ", "NLP", " ", "than", " ", "in", " ", "the", " ", "general", " ", "setting", " ", "because", " ", "the", " ", "complexity", " ", "of", " ", "the", " ", "general", " ", "setting", " ", "of", " ", "NLP", " ", "is", " ", "too", " ", "overwhelming", ".", " ", "Thus", ",", " ", "although", " ", "general", " ", "natural", " ", "language", " ", "understanding", " ", "is", " ", "still", " ", "far", " ", "from", " ", "us", ",", " ", "we", " ", "may", " ", "be", " ", "able", " ", "to", " ", "solve", " ", "the", " ", "SA", " ", "problem", " ", "satisfactorily", ".", " ", "In", " ", "this", " ", "talk", ",", " ", "I", " ", "will", " ", "first", " ", "introduce", " ", "SA", " ", "and", " ", "discuss", " ", "the", " ", "current", " ", "state", " ", "of", " ", "the", " ", "art", ",", " ", "and", " ", "then", " ", "go", " ", "into", " ", "details", " ", "to", " ", "discuss", " ", "a", " ", "recent", " ", "study", " ", "of", " ", "ours", " ", "that", " ", "aims", " ", "to", " ", "solve", " ", "a", " ", "SA", " ", "problem", " ", "but", " ", "also", " ", "contributes", " ", "significantly", " ", "to", " ", "machine", " ", "learning", " ", "in", " ", "the", " ", "areas", " ", "of", " ", "topic", " ", "modeling", " ", "and", " ", "lifelong", " ", "learning", "."], ["Biography", "\n", "\u5218\u5175", "\u6559\u6388", "\uff08", "\u4f0a\u5229\u8bfa\u4f0a", "\u5927\u5b66", "\u829d\u52a0\u54e5", "\u5206\u6821", ",", " ", "SIGKDD", " ", "Chair", ",", " ", "IEEE", " ", "Fellow", "\uff09"], ["Bing", " ", "Liu", " ", "is", " ", "a", " ", "professor", " ", "of", " ", "Computer", " ", "Science", " ", "at", " ", "the", " ", "University", " ", "of", " ", "Illinois", " ", "at", " ", "Chicago", " ", "(", "UIC", ")", ".", " ", "He", " ", "received", " ", "his", " ", "PhD", " ", "in", " ", "Artificial", " ", "Intelligence", " ", "from", " ", "the", " ", "University", " ", "of", " ", "Edinburgh", ".", " ", "Before", " ", "joining", " ", "UIC", ",", " ", "he", " ", "was", " ", "a", " ", "faculty", " ", "member", " ", "at", " ", "the", " ", "National", " ", "University", " ", "of", " ", "Singapore.", " ", "His", " ", "current", " ", "research", " ", "interests", " ", "include", " ", "sentiment", " ", "analysis", " ", "and", " ", "opinion", " ", "mining", ",", " ", "data", " ", "mining", ",", " ", "machine", " ", "learning", ",", " ", "opinion", " ", "spam", " ", "detection", ",", " ", "and", " ", "natural", " ", "language", " ", "processing", " ", "(", "NLP", ")", ".", " ", "He", " ", "has", " ", "published", " ", "extensively", " ", "in", " ", "top", " ", "conferences", " ", "and", " ", "journals. ", "He", " ", "is", " ", "also", " ", "the", " ", "author", " ", "of", " ", "two", " ", "books", ":", " ", "\u201c", "Sentiment", " ", "Analysis", " ", "and", " ", "Opinion", " ", "Mining", "\u201d", " ", "(", "Morgan", " ", "and", " ", "Claypool", ",", " ", "2012", ")", " ", "and", " ", "\u201c", "Web", " ", "Data", " ", "Mining", ":", " ", "Exploring", " ", "Hyperlinks", ",", " ", "Contents", " ", "and", " ", "Usage", " ", "Data", "\u201d", " ", "(", "Springer", ",", " ", "2006", " ", "and", " ", "2nded", ".", ",", " ", "2011", ")", ".", " ", "Apart", " ", "from", " ", "research", " ", "impacts", ",", " ", "his", " ", "work", " ", "has", " ", "also", " ", "made", " ", "important", " ", "social", " ", "impacts", ".", " ", "Some", " ", "of", " ", "his", " ", "work", " ", "has", " ", "been", " ", "widely", " ", "reported", " ", "in", " ", "the", " ", "popular", " ", "press", ",", " ", "including", " ", "a", " ", "front", "-", "page", " ", "article", " ", "in", " ", "The", " ", "New", " ", "York", " ", "Times", ".", " ", "On", " ", "professional", " ", "services", ",", " ", "Liu", " ", "has", " ", "served", " ", "as", " ", "program", " ", "committee", " ", "chair", " ", "of", " ", "most", " ", "leading", " ", "data", " ", "mining", " ", "related", " ", "conferences", " ", "of", " ", "ACM", ",", " ", "IEEE", ",", " ", "and", " ", "SIAM", ",", " ", "including", " ", "KDD", ",", " ", "ICDM", ",", " ", "CIKM", ",", " ", "WSDM", ",", " ", "SDM", ",", " ", "and", " ", "PAKDD", ",", " ", "as", " ", "associate", " ", "editor", " ", "for", " ", "several", " ", "leading", " ", "data", " ", "mining", " ", "journals", ",", " ", "including", " ", "IEEE", " ", "TKDE", ",", " ", "TWEB", ",", " ", "and", " ", "DMKD", ",", " ", "and", " ", "as", " ", "area/track", " ", "chairs", " ", "or", " ", "senior", " ", "PC", " ", "members", " ", "of", " ", "numerous", " ", "data", " ", "mining", ",", " ", "NLP", ",", " ", "and", " ", "Web", " ", "technology", " ", "conferences. ", "He", " ", "currently", " ", "also", " ", "serves", " ", "as", " ", "the", " ", "Chair", " ", "of", " ", "ACM", " ", "SIGKDD", ",", " ", "and", " ", "is", " ", "an", " ", "IEEE", " ", "Fellow.Additional", " ", "information", " ", "about", " ", "him", " ", "can", " ", "be", " ", "found", " ", "fromhttp://www.cs.uic.edu/~liub/."], ["\u6f14\u8bb2\u4eba", "\u7b80\u4ecb"]]]