[["\u6570\u5b66\u7cfb\u5b66\u672f\u62a5\u544a\uff1a A Graph-Theoretic Approach to Global Stability of Heterogenous Transmission Dynamics of Inf", "\u53d1\u5e03\u65f6\u95f4: 2014-04-18 09:27:00", "\u6d4f\u89c8\u6b21\u6570: 4265", "\u4f9b\u7a3f\uff1a\u672a\u77e5", "\u6f14\u8bb2\u4eba\uff1a\u53c2\u8003\u4e0b\u65b9", "\u8bb2\u5ea7\u65f6\u95f4\uff1a0000-00-00 00:00:00", "\u8bb2\u5ea7\u5730\u70b9\uff1a--", "\u8bb2\u5ea7\u5185\u5bb9", "\u6f14\u8bb2\u4eba: Hongbin Guo \u7814\u7a76\u5458", "\u8bb2\u5ea7\u65f6\u95f4: 2014\u5e744\u670821\u65e5\u5468\u4e00\u4e0a\u534810:00-11:00", "\u8bb2\u5ea7\u5730\u70b9:  \u4fe1\u606f\u697c\u4e8c\u5c42\u4f1a\u8bae\u5ba40257\u5ba4", "\u8bb2\u5ea7\u5185\u5bb9:", "\u62a5\u544a\u9898\u76ee\uff1a", "A Graph-Theoretic Approach to Global\nStability of Heterogenous Transmission Dynamics of Infectious Diseases", "\u62a5\u544a\u4eba\uff1aHongbin\nGuo \u7814\u7a76\u5458, \u52a0\u62ff\u5927\u8054\u90a6\u653f\u5e9c\u536b\u751f\u90e8\u75be\u75c5\u63a7\u5236\u4e2d\u5fc3", "Abstract:", "As more complex\nstructures being added to epidemiological models to describe transmission\nheterogeneity of infectious diseases, analyzing dynamical behaviors of these\ncomplex models pose a great challenge for applied mathematicians and modelers.", "I\nwill recall a recently established Graph-theoretical approach to Lyapunov\nfunctionals and introduce a unified framework to the Lyapunov stability theory.\nMany examples with complex compartmental structures are shown and illustrated\nby the approach. Recent progress in this area are summarized including delay\ndifferential equations, integral-differential equations etc.", "\u6f14\u8bb2\u4eba\u7b80\u4ecb"], [["\u6570\u5b66\u7cfb", "\u5b66\u672f", "\u62a5\u544a", "\uff1a", " ", "A", " ", "Graph", "-", "Theoretic", " ", "Approach", " ", "to", " ", "Global", " ", "Stability", " ", "of", " ", "Heterogenous", " ", "Transmission", " ", "Dynamics", " ", "of", " ", "Inf"], ["\u53d1\u5e03", "\u65f6\u95f4", ":", " ", "2014", "-", "04", "-", "18", " ", "09", ":", "27", ":00"], ["\u6d4f\u89c8", "\u6b21\u6570", ":", " ", "4265"], ["\u4f9b\u7a3f", "\uff1a", "\u672a\u77e5"], ["\u6f14\u8bb2\u4eba", "\uff1a", "\u53c2\u8003", "\u4e0b\u65b9"], ["\u8bb2\u5ea7", "\u65f6\u95f4", "\uff1a", "0000", "-", "00", "-", "00", " ", "00:00", ":00"], ["\u8bb2\u5ea7", "\u5730\u70b9", "\uff1a", "-", "-"], ["\u8bb2\u5ea7", "\u5185\u5bb9"], ["\u6f14\u8bb2\u4eba", ":", " ", "Hongbin", " ", "Guo", " ", "\u7814\u7a76\u5458"], ["\u8bb2\u5ea7", "\u65f6\u95f4", ":", " ", "2014\u5e74", "4\u6708", "21\u65e5", "\u5468\u4e00", "\u4e0a\u5348", "10:00", "-", "11:00"], ["\u8bb2\u5ea7", "\u5730\u70b9", ":", " ", " ", "\u4fe1\u606f\u697c", "\u4e8c", "\u5c42", "\u4f1a\u8bae\u5ba4", "0257", "\u5ba4"], ["\u8bb2\u5ea7", "\u5185\u5bb9", ":"], ["\u62a5\u544a", "\u9898\u76ee", "\uff1a"], ["A", " ", "Graph", "-", "Theoretic", " ", "Approach", " ", "to", " ", "Global", "\n", "Stability", " ", "of", " ", "Heterogenous", " ", "Transmission", " ", "Dynamics", " ", "of", " ", "Infectious", " ", "Diseases"], ["\u62a5\u544a\u4eba", "\uff1a", "Hongbin", "\n", "Guo", " ", "\u7814\u7a76\u5458", ",", " ", "\u52a0\u62ff\u5927", "\u8054\u90a6", "\u653f\u5e9c", "\u536b\u751f\u90e8", "\u75be\u75c5", "\u63a7\u5236", "\u4e2d\u5fc3"], ["Abstract", ":"], ["As", " ", "more", " ", "complex", "\n", "structures", " ", "being", " ", "added", " ", "to", " ", "epidemiological", " ", "models", " ", "to", " ", "describe", " ", "transmission", "\n", "heterogeneity", " ", "of", " ", "infectious", " ", "diseases", ",", " ", "analyzing", " ", "dynamical", " ", "behaviors", " ", "of", " ", "these", "\n", "complex", " ", "models", " ", "pose", " ", "a", " ", "great", " ", "challenge", " ", "for", " ", "applied", " ", "mathematicians", " ", "and", " ", "modelers", "."], ["I", "\n", "will", " ", "recall", " ", "a", " ", "recently", " ", "established", " ", "Graph", "-", "theoretical", " ", "approach", " ", "to", " ", "Lyapunov", "\n", "functionals", " ", "and", " ", "introduce", " ", "a", " ", "unified", " ", "framework", " to", " ", "the", " ", "Lyapunov", " ", "stability", " ", "theory", ".", "\n", "Many", " ", "examples", " ", "with", " ", "complex", " ", "compartmental", " ", "structures", " ", "are", " ", "shown", " ", "and", " ", "illustrated", "\n", "by", " ", "the", " ", "approach", ".", " ", "Recent", " ", "progress", " ", "in", " ", "this", " ", "area", " ", "are", " ", "summarized", " ", "including", " ", "delay", "\n", "differential", " ", "equations", ",", " ", "integral", "-", "differential", " ", "equations", " ", "etc", "."], ["\u6f14\u8bb2\u4eba", "\u7b80\u4ecb"]]]