[["\u4e39\u9ea6\u5965\u80e1\u65af\u5927\u5b66\u535a\u58eb\u540e\u9b4f\u54f2\u5dcd\u8bd5\u8bb2\u901a\u77e5\uff08\u65f6\u95f4\u66f4\u65b0\uff09", "\u53d1\u5e03\u65f6\u95f4: 2014-02-18 09:23:00", "\u6d4f\u89c8\u6b21\u6570: 5227", "\u4f9b\u7a3f\uff1a\u672a\u77e5", "\u6f14\u8bb2\u4eba\uff1a\u53c2\u8003\u4e0b\u65b9", "\u8bb2\u5ea7\u65f6\u95f4\uff1a0000-00-00 00:00:00", "\u8bb2\u5ea7\u5730\u70b9\uff1a--", "\u8bb2\u5ea7\u5185\u5bb9", "\u6f14\u8bb2\u4eba: \u9b4f\u54f2\u5dcd", "\u8bb2\u5ea7\u65f6\u95f4: 2014\u5e742\u670824\u65e5\uff08\u5468\u4e00\uff0911\uff1a00-15\uff1a00", "\u8bb2\u5ea7\u5730\u70b9:  \u4fe1\u606f\u697c\u4e8c\u5c42\u4f1a\u8bae\u5ba4", "\u8bb2\u5ea7\u5185\u5bb9:  \n\u4e39\u9ea6\u5965\u80e1\u65af\u5927\u5b66\u535a\u58eb\u540e\u9b4f\u54f2\u5dcd\uff0c\u5e94\u8058\u6211\u9662\u8ba1\u7b97\u673a\u7cfb\u6559\u5e08\u5c97\u4f4d\uff0c\u73b0\u8fdb\u884c2\u8bfe\u65f6\u7684\u8bd5\u8bb2\uff0c\u6b22\u8fce\u5168\u9662\u5e08\u751f\u53c2\u52a0\uff01\n\n\u9644\uff1a", "\u5e94\u8058\u8005-\u9b4f\u54f2\u5dcd\u7b80\u5386", "\u6f14\u8bb2\u4eba\u7b80\u4ecb"], [["\u4e39\u9ea6\u5965\u80e1\u65af", "\u5927\u5b66", "\u535a\u58eb\u540e", "\u9b4f\u54f2\u5dcd", "\u8bd5\u8bb2", "\u901a\u77e5", "\uff08", "\u65f6\u95f4", "\u66f4\u65b0", "\uff09"], ["\u53d1\u5e03", "\u65f6\u95f4", ":", " ", "2014", "-", "02", "-", "18", " ", "09", ":", "23", ":00"], ["\u6d4f\u89c8", "\u6b21\u6570", ":", " ", "5227"], ["\u4f9b\u7a3f", "\uff1a", "\u672a\u77e5"], ["\u6f14\u8bb2\u4eba", "\uff1a", "\u53c2\u8003", "\u4e0b\u65b9"], ["\u8bb2\u5ea7", "\u65f6\u95f4", "\uff1a", "0000", "-", "00", "-", "00", " ", "00:00", ":00"], ["\u8bb2\u5ea7", "\u5730\u70b9", "\uff1a", "-", "-"], ["\u8bb2\u5ea7", "\u5185\u5bb9"], ["\u6f14\u8bb2\u4eba", ":", " ", "\u9b4f\u54f2\u5dcd"], ["\u8bb2\u5ea7", "\u65f6\u95f4", ":", " ", "2014\u5e74", "2\u6708", "24\u65e5", "\uff08", "\u5468\u4e00", "\uff09", "11\uff1a00", "-", "15\uff1a00"], ["\u8bb2\u5ea7", "\u5730\u70b9", ":", " ", " ", "\u4fe1\u606f\u697c", "\u4e8c", "\u5c42", "\u4f1a\u8bae\u5ba4"], ["\u8bb2\u5ea7", "\u5185\u5bb9", ":", "  \n", "\u4e39\u9ea6\u5965\u80e1\u65af", "\u5927\u5b66", "\u535a\u58eb\u540e", "\u9b4f\u54f2\u5dcd", "\uff0c", "\u5e94\u8058", "\u6211\u9662", "\u8ba1\u7b97\u673a\u7cfb", "\u6559\u5e08", "\u5c97\u4f4d", "\uff0c", "\u73b0", "\u8fdb\u884c", "2", "\u8bfe", "\u65f6", "\u7684", "\u8bd5\u8bb2", "\uff0c", "\u6b22\u8fce", "\u5168\u9662", "\u5e08\u751f", "\u53c2\u52a0", "\uff01", "\n", "\n", "\u9644", "\uff1a"], ["\u5e94\u8058\u8005", "-", "\u9b4f\u54f2\u5dcd", "\u7b80\u5386"], ["\u6f14\u8bb2\u4eba", "\u7b80\u4ecb"]]]