[["\u6570\u5b66\u7cfb\u8bb2\u5ea7\uff1aNear-Field Imaging of Infinite Rough Surfaces", "\u53d1\u5e03\u65f6\u95f4: 2013-06-25 10:58:00", "\u6d4f\u89c8\u6b21\u6570: 6911", "\u4f9b\u7a3f\uff1a\u672a\u77e5", "\u6f14\u8bb2\u4eba\uff1a\u53c2\u8003\u4e0b\u65b9", "\u8bb2\u5ea7\u65f6\u95f4\uff1a0000-00-00 00:00:00", "\u8bb2\u5ea7\u5730\u70b9\uff1a--", "\u8bb2\u5ea7\u5185\u5bb9", "\u6f14\u8bb2\u4eba: Peijun Li, Purdue University", "\u8bb2\u5ea7\u65f6\u95f4: 2013\u5e746\u670826\u65e5\uff08\u5468\u4e09\uff09\u4e0b\u53483\uff1a00-4\uff1a30", "\u8bb2\u5ea7\u5730\u70b9:  \u4fe1\u606f\u697c4\u697c\u62a5\u544a\u5385", "\u8bb2\u5ea7\u5185\u5bb9:", "\u62a5\u544a\u6458\u8981\uff1a This talk is concerned with an inverse surface\nscattering problem in near-field optical imaging, which is to reconstruct the\nscattering surface with a resolution beyond the diffraction limit. The surface\nis assumed to be a small and smooth deformation of a plane surface. Based on a\ntransformed field expansion, the boundary value problem with complex scattering\nsurface is converted into a successive sequence of a two-point boundary value\nproblems in the frequency domain, where an analytic solution for the direct\nscattering problem is derived from the method of integrated solution. By\nneglecting the high order terms in the asymptotic expansion, the nonlinear\ninverse problem is linearized and an explicit inversion formula is obtained.\nThe method works for sound soft, sound hard, and impedance surfaces, and\nrequires only a single illumination at a fixed frequency and is realized\nefficiently by the fast Fourier transform. Numerical results show that the\nmethod is simple, stable, and effective to reconstruct scattering surfaces with\nsubwavelength resolution.", "\u62a5\u544a\u4eba\u7b80\u4ecb\uff1a", "\u674e\u57f9\u519b\u6559\u63881998\u5e74\u5728\u6b66\u6c49\u5927\u5b66\u83b7\u7406\u5b66\u5b66\u58eb\u5b66\u4f4d\uff0c2001\u5e74\u5728\u4e2d\u79d1\u9662\u8ba1\u7b97\u6570\u5b66\u6240\u83b7\u7406\u5b66\u7855\u58eb\u5b66\u4f4d\uff0c2005\u5e74\u5728\u7f8e\u56fd\u5bc6\u897f\u6839\u5dde\u7acb\u5927\u5b66\u83b7\u7406\u5b66\u535a\u58eb\u5b66\u4f4d\u3002\u4e4b\u540e\uff0c\u4ed6\u66fe\u5728\u5bc6\u897f\u6839\u5927\u5b66\u505a\u535a\u58eb\u540e\u7814\u7a76\uff0c2008-2013\u5728\u666e\u6e21\u5927\u5b66\u4efb\u52a9\u7406\u6559\u6388\uff0c2013\u81f3\u4eca\u4efb\u526f\u6559\u6388\u3002\u674e\u57f9\u519b\u6559\u6388\u7684\u4e3b\u8981\u7814\u7a76\u9886\u57df\u662f\u7535\u78c1\u573a\u8ba1\u7b97\u4e0e\u504f\u5fae\u5206\u65b9\u7a0b\u53cd\u95ee\u9898\uff0c\u76ee\u524d\u4ed6\u53d1\u8868\u5b66\u672f\u8bba\u658730\u4f59\u7bc7\uff0c\u5176\u4e2d20\u4f59\u7bc7\u5728\u672c\u9886\u57df\u56fd\u9645\u9876\u5c16\u6742\u5fd7\u4e0a\u3002\u66fe\u83b7NSF\u7684\u591a\u6b21\u8d44\u52a9\u548c\u4e09\u4e2a\u5956\u9879\uff1a", "l NSF Faculty Early Career Development (CAREER) Program\uff0c2012\uff08\u76f8\u5f53\u4e8e\u7f8e\u56fd\u7684\u6770\u51fa\u9752\u5e74\u81ea\u7136\u79d1\u5b66\u57fa\u91d1\uff0c\u5f53\u5e74\u8ba1\u7b97\u6570\u5b66\u9886\u57df\u4ec5\u6b64\u4e00\u4e2a\uff09\uff1b", "l NSF Highlight:Creating\nBetter Near-field Optical Devices, 2012\uff0c\u7f8e\u56fd\u81ea\u7136\u79d1\u5b66\u57fa\u91d1\u59d4\u7f51\u7ad9\u516c\u5e03\u7684\u7a81\u51fa\u7814\u7a76\u6210\u679c\uff1aCreating Better Near-field Optical\nDevices\uff1b", "l Paul & Wilma Dressel \u5956, \u5bc6\u897f\u6839\u5dde\u7acb\u5927\u5b66\uff0c2004", "\u6f14\u8bb2\u4eba\u7b80\u4ecb"], [["\u6570\u5b66\u7cfb", "\u8bb2\u5ea7", "\uff1a", "Near", "-", "Field", " ", "Imaging", " ", "of", " ", "Infinite", " ", "Rough", " ", "Surfaces"], ["\u53d1\u5e03", "\u65f6\u95f4", ":", " ", "2013", "-", "06", "-", "25", " ", "10", ":", "58", ":00"], ["\u6d4f\u89c8", "\u6b21\u6570", ":", " ", "6911"], ["\u4f9b\u7a3f", "\uff1a", "\u672a\u77e5"], ["\u6f14\u8bb2\u4eba", "\uff1a", "\u53c2\u8003", "\u4e0b\u65b9"], ["\u8bb2\u5ea7", "\u65f6\u95f4", "\uff1a", "0000", "-", "00", "-", "00", " ", "00:00", ":00"], ["\u8bb2\u5ea7", "\u5730\u70b9", "\uff1a", "-", "-"], ["\u8bb2\u5ea7", "\u5185\u5bb9"], ["\u6f14\u8bb2\u4eba", ":", " ", "Peijun", " ", "Li", ",", " ", "Purdue", " ", "University"], ["\u8bb2\u5ea7", "\u65f6\u95f4", ":", " ", "2013\u5e74", "6\u6708", "26\u65e5", "\uff08", "\u5468\u4e09", "\uff09", "\u4e0b\u5348", "3\uff1a00", "-", "4\uff1a30"], ["\u8bb2\u5ea7", "\u5730\u70b9", ":", " ", " ", "\u4fe1\u606f\u697c", "4", "\u697c", "\u62a5\u544a\u5385"], ["\u8bb2\u5ea7", "\u5185\u5bb9", ":"], ["\u62a5\u544a", "\u6458\u8981", "\uff1a", " ", "This", " ", "talk", " ", "is", " ", "concerned", " ", "with", " ", "an", " ", "inverse", " ", "surface", "\n", "scattering", " ", "problem", " ", "in", " ", "near", "-", "field", " ", "optical", " ", "imaging", ",", " ", "which", " ", "is", " ", "to", " ", "reconstruct", " ", "the", "\n", "scattering", " ", "surface", " ", "with", " ", "a", " ", "resolution", " ", "beyond", " ", "the", " ", "diffraction", " ", "limit", ".", " ", "The", " ", "surface", "\n", "is", " ", "assumed", " ", "to", " ", "be", " ", "a", " ", "small", " ", "and", " ", "smooth", " ", "deformation", " ", "of", " ", "a", " ", "plane", " ", "surface", ".", " ", "Based", " ", "on", " ", "a", "\n", "transformed", " ", "field", " ", "expansion", ",", " ", "the", " ", "boundary", " ", "value", " ", "problem", " ", "with", " ", "complex", " ", "scattering", "\n", "surface", " ", "is", " ", "converted", " ", "into", " ", "a", " ", "successive", " ", "sequence", " ", "of", " ", "a", " ", "two", "-", "point", " ", "boundary", " ", "value", "\n", "problems", " ", "in", " ", "the", " ", "frequency", " ", "domain", ",", " ", "where", " ", "an", " ", "analytic", " ", "solution", " ", "for", " ", "the", " ", "direct", "\n", "scattering", " ", "problem", " ", "is", " ", "derived", " ", "from", " ", "the", " ", "method", " ", "of", " ", "integrated", " ", "solution", ".", " ", "By", "\n", "neglecting", " ", "the", " ", "high", " ", "order", " ", "terms", " ", "in", " ", "the", " ", "asymptotic", " ", "expansion", ",", " ", "the", " ", "nonlinear", "\n", "inverse", " ", "problem", " ", "is", " ", "linearized", " ", "and", " ", "an", " ", "explicit", " ", "inversion", " ", "formula", " ", "is", " ", "obtained", ".", "\n", "The", " ", "method", " ", "works", " ", "for", " ", "sound", " ", "soft", ",", " ", "sound", " ", "hard", ",", " ", "and", " ", "impedance", " ", "surfaces", ",", " ", "and", "\n", "requires", " ", "only", " ", "a", " ", "single", " ", "illumination", " ", "at", " ", "a", " ", "fixed", " ", "frequency", " ", "and", " ", "is", " ", "realized", "\n", "efficiently", " ", "by", " ", "the", " ", "fast", " ", "Fourier", " ", "transform.", " ", "Numerical", " ", "results", " ", "show", " ", "that", " ", "the", "\n", "method", " ", "is", " ", "simple", ",", " ", "stable", ",", " ", "and", " ", "effective", " ", "to", " ", "reconstruct", " ", "scattering", " ", "surfaces", " ", "with", "\n", "subwavelength", " ", "resolution", "."], ["\u62a5\u544a\u4eba", "\u7b80\u4ecb", "\uff1a"], ["\u674e\u57f9\u519b", "\u6559\u6388", "1998\u5e74", "\u5728", "\u6b66\u6c49", "\u5927\u5b66", "\u83b7", "\u7406\u5b66", "\u5b66\u58eb", "\u5b66\u4f4d", "\uff0c", "2001\u5e74", "\u5728", "\u4e2d\u79d1\u9662", "\u8ba1\u7b97", "\u6570\u5b66", "\u6240", "\u83b7", "\u7406\u5b66", "\u7855\u58eb", "\u5b66\u4f4d", "\uff0c", "2005\u5e74", "\u5728", "\u7f8e\u56fd", "\u5bc6\u897f\u6839", "\u5dde\u7acb", "\u5927\u5b66", "\u83b7", "\u7406\u5b66", "\u535a\u58eb", "\u5b66\u4f4d", "\u3002", "\u4e4b\u540e", "\uff0c", "\u4ed6", "\u66fe", "\u5728", "\u5bc6\u897f\u6839", "\u5927\u5b66", "\u505a", "\u535a\u58eb\u540e", "\u7814\u7a76", "\uff0c", "2008", "-", "2013", "\u5728", "\u666e\u6e21", "\u5927\u5b66", "\u4efb", "\u52a9\u7406", "\u6559\u6388", "\uff0c", "2013", "\u81f3", "\u4eca\u4efb", "\u526f\u6559\u6388", "\u3002", "\u674e\u57f9\u519b", "\u6559\u6388", "\u7684", "\u4e3b\u8981", "\u7814\u7a76", "\u9886\u57df", "\u662f", "\u7535\u78c1\u573a", "\u8ba1\u7b97", "\u4e0e", "\u504f\u5fae", "\u5206\u65b9\u7a0b", "\u53cd", "\u95ee\u9898", "\uff0c", "\u76ee\u524d", "\u4ed6", "\u53d1\u8868", "\u5b66\u672f", "\u8bba\u6587", "30", "\u4f59", "\u7bc7", "\uff0c", "\u5176\u4e2d", "20", "\u4f59", "\u7bc7", "\u5728", "\u672c", "\u9886\u57df", "\u56fd\u9645", "\u9876\u5c16", "\u6742\u5fd7", "\u4e0a", "\u3002", "\u66fe", "\u83b7", "NSF", "\u7684", "\u591a\u6b21", "\u8d44\u52a9", "\u548c", "\u4e09", "\u4e2a", "\u5956\u9879", "\uff1a"], ["l", " ", "NSF", " ", "Faculty", " ", "Early", " ", "Career", " ", "Development", " ", "(", "CAREER", ")", " ", "Program", "\uff0c", "2012", "\uff08", "\u76f8\u5f53\u4e8e", "\u7f8e\u56fd", "\u7684", "\u6770\u51fa", "\u9752\u5e74", "\u81ea\u7136\u79d1\u5b66", "\u57fa\u91d1", "\uff0c", "\u5f53\u5e74", "\u8ba1\u7b97", "\u6570\u5b66", "\u9886\u57df", "\u4ec5", "\u6b64", "\u4e00\u4e2a", "\uff09", "\uff1b"], ["l", " ", "NSF", " ", "Highlight:Creating", "\n", "Better", " ", "Near", "-", "field", " ", "Optical", " ", "Devices", ",", " ", "2012", "\uff0c", "\u7f8e\u56fd", "\u81ea\u7136\u79d1\u5b66", "\u57fa\u91d1\u59d4", "\u7f51\u7ad9", "\u516c\u5e03", "\u7684", "\u7a81\u51fa", "\u7814\u7a76", "\u6210\u679c", "\uff1a", "Creating", " ", "Better", " ", "Near", "-", "field", " ", "Optical", "\n", "Devices", "\uff1b"], ["l", " ", "Paul", " ", "&", " ", "Wilma", " ", "Dressel", " ", "\u5956", ",", " ", "\u5bc6\u897f\u6839", "\u5dde\u7acb", "\u5927\u5b66", "\uff0c", "2004"], ["\u6f14\u8bb2\u4eba", "\u7b80\u4ecb"]]]