{"url": "http://info.ruc.edu.cn/academic_research_lecture.php?id=306", "id": 1077, "title": "\u5b66\u672f\u62a5\u544a-\u65b0\u52a0\u5761\u56fd\u7acb\u5927\u5b66\u4f55\u5411\u5357\u535a\u58eb - \u5e08\u8d44\u79d1\u7814- \u4e2d\u56fd\u4eba\u6c11\u5927\u5b66\u4fe1\u606f\u5b66\u9662", "time": "", "text": ["\u5b66\u672f\u62a5\u544a-\u65b0\u52a0\u5761\u56fd\u7acb\u5927\u5b66\u4f55\u5411\u5357\u535a\u58eb", "\u53d1\u5e03\u65f6\u95f4: 2017-04-13 02:28:11", "\u6d4f\u89c8\u6b21\u6570: 9779", "\u4f9b\u7a3f\uff1a\u5927\u6570\u636e\u7ba1\u7406\u4e0e\u5206\u6790\u65b9\u6cd5\u7814\u7a76\u5b9e\u9a8c\u5ba4", "\u6f14\u8bb2\u4eba\uff1a\u4f55\u5411\u5357", "\u8bb2\u5ea7\u65f6\u95f4\uff1a2017-04-18 14:00:00", "\u8bb2\u5ea7\u5730\u70b9\uff1a\u4fe1\u606f\u697c417\u4f1a\u8bae\u5ba4", "\u8bb2\u5ea7\u5185\u5bb9", "Title: Recent Advance on Recommendation Methods for Implicit Feedback", "Abstract: In recent years, the focus of recommender system research has shifted from explicit feedback problems such as rating prediction to implicit feedback problems. In this talk, I will introduce our recent two works for addressing the recommendation problem with implicit feedback.", "In our first work [He et al. WWW 2017], we strive to develop techniques based on neural networks for recommendation. Although many recent work has employed deep learning for recommendation, they primarily used it to model auxiliary information, such as textual descriptions of items and acoustic features of music. When it comes to model the key factor in collaborative filtering (CF) --- the interaction between user and item features, they still resorted to matrix factorization and applied an inner product on the latent features of users and items. In this work, we explore the use of neural networks for modeling user-item interactions, developing a series of neural models for the CF task.", "In our second work [Bayer and He et al. WWW 2017], we propose a novel and generic optimization method on par with BPR (Bayesian Personalized Ranking) for learning recommender models from implicit feedback. Our iCD (implicit Coordinate Descent) method optimizes the expensive regression loss that accounts for the prediction on the whole data, but with a very cheap time complexity that is determined by the size of observed data only. We illustrate this framework on a variety of complex recommender models including factorization machines, SVDfeature, Parallel Factor Analysis and Tucker Decomposition.  Overall, this work provides the theory and building blocks to derive efficient implicit CD algorithms for (multi-)linear recommender models.", "\u6f14\u8bb2\u4eba\u7b80\u4ecb", "Dr. Xiangnan He is currently a postdoctoral research fellow with the Lab for Media Search, National University of Singapore. His research interests span recommender system, information retrieval, multi-media and natural language processing. His works have appeared in several top-tier conferences such as SIGIR, WWW, MM, CIKM and AAAI, and top-tier journals including TKDE and TOIS. His work on recommender system has received the Best Paper Award Honorable Mention of ACM SIGIR 2016. Moreover, he has served as the PC member for the prestigious conferences including SIGIR, WWW, MM, CIKM and EMNLP, and invited reviewer for prestigious journals including TKDE, WWWJ and TIIS."], "words": ["\u5b66\u672f", "\u62a5\u544a", "-", "\u65b0\u52a0\u5761", "\u56fd\u7acb", "\u5927\u5b66", "\u5357", "\u535a\u58eb", "\u53d1\u5e03", "\u65f6\u95f4", ":", "2017", "-", "04-13", "02", ":", "28:11", "\u6d4f\u89c8", "\u6b21\u6570", ":", "9779", "\u4f9b\u7a3f", "\u5927\u6570\u636e", "\u7ba1\u7406", "\u5206\u6790", "\u65b9\u6cd5", "\u7814\u7a76", "\u5b9e\u9a8c\u5ba4", "\u6f14\u8bb2", "\u4f55\u5411\u5357", "\u8bb2\u5ea7", "\u65f6\u95f4", "2017", "-", "04-18", "14", ":", "00:00", "\u8bb2\u5ea7", "\u5730\u70b9", "\u4fe1\u606f\u697c", "417", "\u4f1a\u8bae\u5ba4", "\u8bb2\u5ea7", "\u5185\u5bb9", "Title", ":", "Recent", "Advance", "on", "Recommendation", "Methods", "for", "Implicit", "Feed", "back", "Abstract", ":", "In", "recent", "years", ",", "the", "focus", "of", "recommender", "system", "research", "has", "shifted", "from", "explicit", "feed", "back", "problems", "such", "as", "rating", "prediction", "to", "implicit", "feed", "back", "problems", ".", "In", "this", "talk", ",", "I", "will", "int", "roduce", "our", "recent", "two", "works", "for", "addressing", "the", "recommendation", "problem", "with", "implicit", "feed", "back", ".", "In", "our", "first", "work", "[", "He", "et", "al.", "WWW", "2017", "]", ",", "we", "strive", "to", "develop", "techniques", "based", "on", "neural", "networks", "for", "recommendation", ".", "Although", "many", "recent", "work", "has", "employed", "deep", "learning", "for", "recommendation", ",", "they", "primarily", "used", "it", "to", "model", "auxiliary", "information", ",", "such", "as", "textual", "descriptions", "of", "items", "and", "acoustic", "features", "of", "music", ".", "When", "it", "comes", "to", "model", "the", "key", "factor", "in", "collaborative", "filtering", "(", "CF", ")", "---", "the", "interaction", "between", "user", "and", "item", "features", ",", "they", "still", "resorted", "to", "matrix", "factorization", "and", "applied", "an", "inner", "product", "on", "the", "latent", "features", "of", "users", "and", "items", ".", "In", "this", "work", ",", "we", "explore", "the", "use", "of", "neural", "networks", "for", "modeling", "user-item", "interactions", ",", "developing", "a", "series", "of", "neural", "models", "for", "the", "CF", "task", ".", "In", "our", "second", "work", "[", "Bayer", "and", "He", "et", "al.", "WWW", "2017", "]", ",", "we", "propose", "a", "novel", "and", "generic", "optimization", "method", "on", "par", "with", "BPR", "(", "Bayesian", "Personalized", "Ranking", ")", "for", "learning", "recommender", "models", "from", "implicit", "feed", "back", ".", "Our", "iCD", "(", "implicit", "Coordinate", "Descent", ")", "method", "optimizes", "the", "expensive", "regression", "loss", "that", "accounts", "for", "the", "prediction", "on", "the", "whole", "data", ",", "but", "with", "a", "very", "cheap", "time", "complexity", "that", "is", "determined", "by", "the", "size", "of", "observed", "data", "only", ".", "We", "illustrate", "this", "framework", "on", "a", "variety", "of", "complex", "recommender", "models", "including", "factorization", "machines", ",", "SVDfeature", ",", "Parallel", "Factor", "Analysis", "and", "Tucker", "Decomposition", ".", "Overall,", "this", "work", "provides", "the", "theory", "and", "building", "blocks", "to", "derive", "efficient", "implicit", "CD", "algorithms", "for", "(", "multi-", ")", "linear", "recommender", "models", ".", "\u6f14\u8bb2", "\u7b80\u4ecb", "Dr", ".", "Xiangnan", "He", "is", "currently", "a", "postdoctoral", "research", "fellow", "with", "the", "Lab", "for", "Media", "Search", ",", "National", "University", "of", "Singapore", ".", "His", "research", "interests", "span", "recommender", "system", ",", "information", "retrieval,", "multi-media", "and", "natural", "language", "processing", ".", "His", "works", "have", "appeared", "in", "several", "top-tier", "conferences", "such", "as", "SIGIR", ",", "WWW", ",", "MM,", "CIKM", "and", "AAAI", ",", "and", "top-tier", "journals", "including", "TKDE", "and", "TOIS", ".", "His", "work", "on", "recommender", "system", "has", "received", "the", "Best", "Paper", "Award", "Honorable", "Mention", "of", "ACM", "SIGIR", "2016", ".", "Moreover", ",", "he", "has", "served", "as", "the", "PC", "member", "for", "the", "prestigious", "conferences", "including", "SIGIR", ",", "WWW", ",", "MM,", "CIKM", "and", "EMNLP", ",", "and", "invited", "reviewer", "for", "prestigious", "journals", "including", "TKDE", ",", "WWWJ", "and", "TIIS."]}