{"url": "http://info.ruc.edu.cn/salao/winner_detail.php?id=216", "id": 1135, "title": "\u83b7\u5956\u6587\u7ae0 - \u83b7\u5956\u98ce\u91c7 - \u8428\u5e08\u714a\u7cbe\u82f1\u57fa\u91d1 ", "time": "", "text": ["\u8054\u7cfb\u7535\u8bdd", "010-62513057", "\u83b7\u5956\u98ce\u91c7", "\u83b7\u5956\u6587\u7ae0", "\u8ba1\u7b97\u673a\u7cfb\u7edf\u4e0e\u7a0b\u5e8f\u8bbe\u8ba1\u7ade\u8d5b\uff08CCSP\uff09\u94f6\u724c", "\u90d1\u4f1f\u660a", "\u8054\u7cfb\u7535\u8bdd\uff1a010-62513057"], "words": ["\u8054\u7cfb", "\u7535\u8bdd", "010", "-", "62513057", "\u83b7\u5956", "\u98ce\u91c7", "\u83b7\u5956", "\u6587\u7ae0", "\u8ba1\u7b97\u673a", "\u7cfb\u7edf", "\u7a0b\u5e8f\u8bbe\u8ba1", "\u7ade\u8d5b", "\uff08", "CCSP", "\uff09", "\u94f6\u724c", "\u90d1\u4f1f\u660a", "\u8054\u7cfb", "\u7535\u8bdd", "010", "-", "62513057"]}