{"url": "http://info.ruc.edu.cn/salao/winner_detail.php?id=210", "id": 1141, "title": "\u83b7\u5956\u6587\u7ae0 - \u83b7\u5956\u98ce\u91c7 - \u8428\u5e08\u714a\u7cbe\u82f1\u57fa\u91d1 ", "time": "", "text": ["\u8054\u7cfb\u7535\u8bdd", "010-62513057", "\u83b7\u5956\u98ce\u91c7", "\u83b7\u5956\u6587\u7ae0", "ACM\u56fd\u9645\u5927\u5b66\u751f\u7a0b\u5e8f\u8bbe\u8ba1\u7ade\u8d5b\u94dc\u724c", "\u6734\u4e58\u5fd7", "\u8054\u7cfb\u7535\u8bdd\uff1a010-62513057"], "words": ["\u8054\u7cfb", "\u7535\u8bdd", "010", "-", "62513057", "\u83b7\u5956", "\u98ce\u91c7", "\u83b7\u5956", "\u6587\u7ae0", "ACM", "\u56fd\u9645", "\u5927\u5b66", "\u751f\u7a0b", "\u5e8f", "\u8bbe\u8ba1", "\u7ade\u8d5b", "\u94dc\u724c", "\u6734\u4e58\u5fd7", "\u8054\u7cfb", "\u7535\u8bdd", "010", "-", "62513057"]}