{"url": "http://info.ruc.edu.cn/salao/winner_detail.php?id=114", "id": 1243, "title": "\u83b7\u5956\u6587\u7ae0 - \u83b7\u5956\u98ce\u91c7 - \u8428\u5e08\u714a\u7cbe\u82f1\u57fa\u91d1 ", "time": "", "text": ["\u8054\u7cfb\u7535\u8bdd", "010-62513057", "\u83b7\u5956\u98ce\u91c7", "\u83b7\u5956\u6587\u7ae0", "ACM-ICPC\u4e9a\u6d32\u533a\u57df\u8d5b\u978d\u5c71\u8d5b\u533a\u94f6\u724c", "\u9a6c\u5b8f\u4eae", "\u8054\u7cfb\u7535\u8bdd\uff1a010-62513057"], "words": ["\u8054\u7cfb", "\u7535\u8bdd", "010", "-", "62513057", "\u83b7\u5956", "\u98ce\u91c7", "\u83b7\u5956", "\u6587\u7ae0", "ACM", "-", "ICPC", "\u4e9a\u6d32", "\u533a\u57df", "\u8d5b\u978d\u5c71\u8d5b\u533a", "\u94f6\u724c", "\u9a6c\u5b8f\u4eae", "\u8054\u7cfb", "\u7535\u8bdd", "010", "-", "62513057"]}