{"url": "http://info.ruc.edu.cn/academic_research_lecture.php?id=238", "id": 2068, "title": "What is mathematical biology and how useful is it ? - \u5e08\u8d44\u79d1\u7814- \u4e2d\u56fd\u4eba\u6c11\u5927\u5b66\u4fe1\u606f\u5b66\u9662", "time": "", "text": ["What is mathematical biology and how useful is it ?", "\u53d1\u5e03\u65f6\u95f4: 2015-05-20 10:21:36", "\u6d4f\u89c8\u6b21\u6570: 4220", "\u4f9b\u7a3f\uff1a\u4fe1\u606f\u5b66\u9662\u6570\u5b66\u7cfb", "\u6f14\u8bb2\u4eba\uff1aAvner Friedman\u6559\u6388\uff0c\u7f8e\u56fd\u4fc4\u4ea5\u4fc4\u5dde\u7acb\u5927\u5b66", "\u8bb2\u5ea7\u65f6\u95f4\uff1a2015-05-22 10:00:00", "\u8bb2\u5ea7\u5730\u70b9\uff1a\u4fe1\u606f\u697c\u56db\u5c42\u5b66\u672f\u62a5\u544a\u5385", "\u8bb2\u5ea7\u5185\u5bb9", "\u62a5\u544a\u9898\u76ee\uff1aWhat is mathematical biology and how useful is it ?", "\u62a5\u544a\u4eba\uff1aAvner Friedman\u6559\u6388\uff0c\u7f8e\u56fd\u4fc4\u4ea5\u4fc4\u5dde\u7acb\u5927\u5b66", "\u62a5\u544a\u65f6\u95f4\uff1a2015\u5e745\u670822\u65e5\u5468\u4e94\u4e0a\u534810:00-11:00", "\u62a5\u544a\u5730\u70b9\uff1a\u4fe1\u606f\u697c\u56db\u5c42\u5b66\u672f\u62a5\u544a\u5385", "\u62a5\u544a\u5185\u5bb9\uff1aAbstract:", "Mathematical modeling of a biological process can integrate many factors that affect the process and thereby provide new insight into the mechanisms involved in this process. If the model predictions agree with the experimental results, then the model may be used to make new hypotheses and new predictions. In this talk I will give several examples of such models. The first one is on modeling of chronic wounds and the role of oxygen treatment. The second example is about the response of the immune system to infection in the lung, with focus on tuberculosis. The third example is concerned with fibrosis of the kidney, a disease for which there is no cure. In all these examples the mathematical models suggest new approaches that may benefit medical treatment. The models are represented by systems of differential equations, and special care must be taken to determine the parameters. Some of the models may also present new mathematical open problems in PDEs.", "\u62a5\u544a\u4eba\u7b80\u4ecb\uff1aAvner Friedman\uff0c\u7f8e\u56fd\u4fc4\u4ea5\u4fc4\u5dde\u7acb\u5927\u5b66\u6570\u5b66\u7279\u8058\u6559\u6388\uff0c\u7f8e\u56fd\u79d1\u5b66\u9662\u9662\u58eb\uff0c\u7f8e\u56fd\u827a\u672f\u4e0e\u79d1\u5b66\u9662\u9662\u58eb\uff0c\u56fd\u9645\u8457\u540d\u6570\u5b66\u5bb6\uff0c\u5728\u504f\u5fae\u5206\u65b9\u7a0b\u3001\u968f\u673aPDE\u3001\u81ea\u7531\u8fb9\u754c\u95ee\u9898\u3001\u63a7\u5236\u8bba\u548c\u6570\u5b66\u751f\u7269\u5b66\u7b49\u9886\u57df\u53d6\u5f97\u4e86\u6770\u51fa\u6210\u5c31\u3002\u66fe\u4efb\u7f8e\u56fd\u5de5\u4e1a\u4e0e\u5e94\u7528\u6570\u5b66\u5b66\u4f1a\u4e3b\u5e2d\uff0c\u660e\u5c3c\u82cf\u8fbe\u5927\u5b66\u5de5\u4e1a\u6570\u5b66\u4e0e\u5e94\u7528\u7814\u7a76\u6240\u6240\u957f\uff0c\u7f8e\u56fd\u6570\u5b66\u751f\u547d\u79d1\u5b66\u7814\u7a76\u6240\u6240\u957f\uff0c\u8fd120\u4e2a\u56fd\u9645\u8457\u540d\u6570\u5b66\u6742\u5fd7\u7f16\u59d4\u3002\u51fa\u7248\u8457\u4f5c20\u4f59\u90e8\uff0c\u53d1\u8868\u7814\u7a76\u8bba\u6587500\u4f59\u7bc7\uff0c\u5176\u4e2d\u7edd\u5927\u591a\u6570\u8457\u4f5c\u548c\u8bba\u6587\u88ab\u7f8e\u56fd\u6570\u5b66\u4f1a\u6570\u5b66\u8bc4\u8bba\u7f51\u8d85\u9ad8\u6b21\u6570\u5f15\u7528\u3002", "\u6f14\u8bb2\u4eba\u7b80\u4ecb", "Avner Friedman\uff0c\u7f8e\u56fd\u4fc4\u4ea5\u4fc4\u5dde\u7acb\u5927\u5b66\u6570\u5b66\u7279\u8058\u6559\u6388\uff0c\u7f8e\u56fd\u79d1\u5b66\u9662\u9662\u58eb\uff0c\u7f8e\u56fd\u827a\u672f\u4e0e\u79d1\u5b66\u9662\u9662\u58eb\uff0c\u56fd\u9645\u8457\u540d\u6570\u5b66\u5bb6\uff0c\u5728\u504f\u5fae\u5206\u65b9\u7a0b\u3001\u968f\u673aPDE\u3001\u81ea\u7531\u8fb9\u754c\u95ee\u9898\u3001\u63a7\u5236\u8bba\u548c\u6570\u5b66\u751f\u7269\u5b66\u7b49\u9886\u57df\u53d6\u5f97\u4e86\u6770\u51fa\u6210\u5c31\u3002\u66fe\u4efb\u7f8e\u56fd\u5de5\u4e1a\u4e0e\u5e94\u7528\u6570\u5b66\u5b66\u4f1a\u4e3b\u5e2d\uff0c\u660e\u5c3c\u82cf\u8fbe\u5927\u5b66\u5de5\u4e1a\u6570\u5b66\u4e0e\u5e94\u7528\u7814\u7a76\u6240\u6240\u957f\uff0c\u7f8e\u56fd\u6570\u5b66\u751f\u547d\u79d1\u5b66\u7814\u7a76\u6240\u6240\u957f\uff0c\u8fd120\u4e2a\u56fd\u9645\u8457\u540d\u6570\u5b66\u6742\u5fd7\u7f16\u59d4\u3002\u51fa\u7248\u8457\u4f5c20\u4f59\u90e8\uff0c\u53d1\u8868\u7814\u7a76\u8bba\u6587500\u4f59\u7bc7\uff0c\u5176\u4e2d\u7edd\u5927\u591a\u6570\u8457\u4f5c\u548c\u8bba\u6587\u88ab\u7f8e\u56fd\u6570\u5b66\u4f1a\u6570\u5b66\u8bc4\u8bba\u7f51\u8d85\u9ad8\u6b21\u6570\u5f15\u7528\u3002"], "words": ["What", "is", "mathematical", "biology", "and", "how", "useful", "is", "it", "\u53d1\u5e03", "\u65f6\u95f4", ":", "2015", "-", "05-20", "10", ":", "21:36", "\u6d4f\u89c8", "\u6b21\u6570", ":", "4220", "\u4f9b\u7a3f", "\u4fe1\u606f", "\u5b66\u9662", "\u6570\u5b66\u7cfb", "\u6f14\u8bb2", "Avner", "Fried", "man", "\u6559\u6388", "\u7f8e\u56fd", "\u4fc4\u4ea5\u4fc4\u5dde\u7acb\u5927\u5b66", "\u8bb2\u5ea7", "\u65f6\u95f4", "2015", "-", "05-22", "10", ":", "00:00", "\u8bb2\u5ea7", "\u5730\u70b9", "\u4fe1\u606f\u697c", "\u56db", "\u5c42", "\u5b66\u672f", "\u62a5\u544a\u5385", "\u8bb2\u5ea7", "\u5185\u5bb9", "\u62a5\u544a", "\u9898\u76ee", "What", "is", "mathematical", "biology", "and", "how", "useful", "is", "it", "\u62a5\u544a\u4eba", "Avner", "Fried", "man", "\u6559\u6388", "\u7f8e\u56fd", "\u4fc4\u4ea5\u4fc4\u5dde\u7acb\u5927\u5b66", "\u62a5\u544a", "\u65f6\u95f4", "2015\u5e74", "5\u6708", "22\u65e5", "\u5468\u4e94", "\u4e0a\u5348", "10:00-11:00", "\u62a5\u544a", "\u5730\u70b9", "\u4fe1\u606f\u697c", "\u56db", "\u5c42", "\u5b66\u672f", "\u62a5\u544a\u5385", "\u62a5\u544a", "\u5185\u5bb9", "Abstract", ":", "Mathematical", "modeling", "of", "a", "biological", "process", "can", "inte", "grate", "many", "factors", "that", "affect", "the", "process", "and", "thereby", "provide", "new", "insight", "into", "the", "mechanisms", "involved", "in", "this", "process", ".", "If", "the", "model", "predictions", "agree", "with", "the", "experimental", "results", ",", "then", "the", "model", "may", "be", "used", "to", "make", "new", "hypotheses", "and", "new", "predictions", ".", "In", "this", "talk", "I", "will", "give", "several", "examples", "of", "such", "models", ".", "The", "first", "one", "is", "on", "modeling", "of", "chronic", "wounds", "and", "the", "role", "of", "oxygen", "treatment", ".", "The", "second", "example", "is", "about", "the", "response", "of", "the", "immune", "system", "to", "infection", "in", "the", "lung", ",", "with", "focus", "on", "tuberculosis", ".", "The", "third", "example", "is", "concerned", "with", "fibrosis", "of", "the", "kid", "ney", ",", "a", "disease", "for", "which", "there", "is", "no", "cure", ".", "In", "all", "these", "examples", "the", "mathematical", "models", "sug", "gest", "new", "approaches", "that", "may", "benefit", "medical", "treatment", ".", "The", "models", "are", "represented", "by", "systems", "of", "differential", "equations", ",", "and", "special", "care", "must", "be", "taken", "to", "determine", "the", "parameters", ".", "Some", "of", "the", "models", "may", "also", "present", "new", "mathematical", "open", "problems", "in", "PDEs", ".", "\u62a5\u544a\u4eba", "\u7b80\u4ecb", "Avner", "Fried", "man", "\u7f8e\u56fd", "\u4fc4\u4ea5\u4fc4\u5dde\u7acb\u5927\u5b66", "\u6570\u5b66", "\u7279\u8058", "\u6559\u6388", "\u7f8e\u56fd", "\u79d1\u5b66\u9662", "\u9662\u58eb", "\u7f8e\u56fd\u827a\u672f\u4e0e\u79d1\u5b66\u9662", "\u9662\u58eb", "\u56fd\u9645", "\u8457\u540d", "\u6570\u5b66\u5bb6", "\u504f\u5fae\u5206", "\u65b9\u7a0b", "\u968f\u673a", "PDE", "\u81ea\u7531", "\u8fb9\u754c", "\u95ee\u9898", "\u63a7\u5236\u8bba", "\u6570\u5b66", "\u751f\u7269\u5b66", "\u9886\u57df", "\u53d6\u5f97", "\u6770\u51fa", "\u6210\u5c31", "\u7f8e\u56fd", "\u5de5\u4e1a", "\u5e94\u7528", "\u6570\u5b66", "\u5b66\u4f1a", "\u4e3b\u5e2d", "\u660e\u5c3c\u82cf\u8fbe\u5927\u5b66", "\u5de5\u4e1a", "\u6570\u5b66", "\u5e94\u7528", "\u7814\u7a76\u6240", "\u6240\u957f", "\u7f8e\u56fd", "\u6570\u5b66", "\u751f\u547d", "\u79d1\u5b66", "\u7814\u7a76\u6240", "\u6240\u957f", "\u8fd1", "20", "\u56fd\u9645", "\u8457\u540d", "\u6570\u5b66", "\u6742\u5fd7", "\u7f16\u59d4", "\u51fa\u7248", "\u8457\u4f5c", "20\u4f59", "\u90e8", "\u53d1\u8868", "\u7814\u7a76", "\u8bba\u6587", "500\u4f59", "\u7bc7", "\u7edd\u5927\u591a\u6570", "\u8457\u4f5c", "\u8bba\u6587", "\u7f8e\u56fd", "\u6570\u5b66", "\u4f1a\u6570\u5b66", "\u8bc4\u8bba", "\u7f51\u8d85", "\u9ad8", "\u6b21\u6570", "\u5f15\u7528", "\u6f14\u8bb2", "\u7b80\u4ecb", "Avner", "Fried", "man", "\u7f8e\u56fd", "\u4fc4\u4ea5\u4fc4\u5dde\u7acb\u5927\u5b66", "\u6570\u5b66", "\u7279\u8058", "\u6559\u6388", "\u7f8e\u56fd", "\u79d1\u5b66\u9662", "\u9662\u58eb", "\u7f8e\u56fd\u827a\u672f\u4e0e\u79d1\u5b66\u9662", "\u9662\u58eb", "\u56fd\u9645", "\u8457\u540d", "\u6570\u5b66\u5bb6", "\u504f\u5fae\u5206", "\u65b9\u7a0b", "\u968f\u673a", "PDE", "\u81ea\u7531", "\u8fb9\u754c", "\u95ee\u9898", "\u63a7\u5236\u8bba", "\u6570\u5b66", "\u751f\u7269\u5b66", "\u9886\u57df", "\u53d6\u5f97", "\u6770\u51fa", "\u6210\u5c31", "\u7f8e\u56fd", "\u5de5\u4e1a", "\u5e94\u7528", "\u6570\u5b66", "\u5b66\u4f1a", "\u4e3b\u5e2d", "\u660e\u5c3c\u82cf\u8fbe\u5927\u5b66", "\u5de5\u4e1a", "\u6570\u5b66", "\u5e94\u7528", "\u7814\u7a76\u6240", "\u6240\u957f", "\u7f8e\u56fd", "\u6570\u5b66", "\u751f\u547d", "\u79d1\u5b66", "\u7814\u7a76\u6240", "\u6240\u957f", "\u8fd1", "20", "\u56fd\u9645", "\u8457\u540d", "\u6570\u5b66", "\u6742\u5fd7", "\u7f16\u59d4", "\u51fa\u7248", "\u8457\u4f5c", "20\u4f59", "\u90e8", "\u53d1\u8868", "\u7814\u7a76", "\u8bba\u6587", "500\u4f59", "\u7bc7", "\u7edd\u5927\u591a\u6570", "\u8457\u4f5c", "\u8bba\u6587", "\u7f8e\u56fd", "\u6570\u5b66", "\u4f1a\u6570\u5b66", "\u8bc4\u8bba", "\u7f51\u8d85", "\u9ad8", "\u6b21\u6570", "\u5f15\u7528"]}