{"url": "http://info.ruc.edu.cn/academic_research_lecture.php?id=236", "id": 2070, "title": "\u8ba1\u7b97\u673a\u7cfb\u8bb2\u5ea7\uff1aProtein bioinformatics: from sequence to structure to function - \u5e08\u8d44\u79d1\u7814- \u4e2d\u56fd\u4eba\u6c11\u5927\u5b66\u4fe1\u606f\u5b66\u9662", "time": "", "text": ["\u8ba1\u7b97\u673a\u7cfb\u8bb2\u5ea7\uff1aProtein bioinformatics: from sequence to structure to function", "\u53d1\u5e03\u65f6\u95f4: 2015-04-21 15:10:42", "\u6d4f\u89c8\u6b21\u6570: 3997", "\u4f9b\u7a3f\uff1a\u5927\u6570\u636e\u5206\u6790\u4e0e\u667a\u80fd\u5b9e\u9a8c\u5ba4", "\u6f14\u8bb2\u4eba\uff1a\u9ad8\u65b0\u6559\u6388", "\u8bb2\u5ea7\u65f6\u95f4\uff1a2015-04-24 14:00:00", "\u8bb2\u5ea7\u5730\u70b9\uff1a\u4fe1\u606f\u697c4\u5c42\u62a5\u544a\u5385", "\u8bb2\u5ea7\u5185\u5bb9", "In this talk, I will first give an overview of the recent research in the Structural and Functional Bioinformatics (SFB) group at KAUST. My group works on developing efficient algorithms and machine learning techniques to understand the path from protein sequences to structures to functions.", "I will then focus on our efforts on protein 3D structure determination based on nuclear magnetic resonance (NMR) data. NMR is one of the two main methods for protein structure determination. Currently it takes weeks to months of human labor to determine a protein structure after NMR experiments, which includes the peak picking step, the resonance assignment step, and the structure calculation step. If we could fully automate this multi-step process, this would significantly speedup the structural biology research. I will identify the key obstacles in NMR data processing and propose solutions by computational methods. I will discuss our efforts on developing signal processing techniques for the peak picking and peak selection problems, optimization techniques for the resonance assignment problem, and machine learning techniques for the structure calculation problem. Each of these methods subtly handles the noise and imperfection of the others and significantly outperforms the state-of-the-art approaches. As a proof of concept, we combined the proposed methods into a system, which has succeeded in determining high resolution protein structures from a small set of NMR spectra, in a day.", "\u6f14\u8bb2\u4eba\u7b80\u4ecb", "Dr. Xin Gao is an assistant professor of computer science in Computer, Electrical and Mathematical Sciences and Engineering Division at King Abdullah University of Science and Technology (KAUST), Saudi Arabia, and an adjunct assistant professor at David R. Cheriton School of Computer Science at University of Waterloo, Canada. Prior to joining KAUST, he was a Lane Fellow at Lane Center for Computational Biology in School of Computer Science at Carnegie Mellon University, US. He earned his bachelor degree in 2004 from Computer Science Department at Tsinghua University, China, and his PhD degree in 2009 from David R. Cheriton School of Computer Science at University of Waterloo. Dr. Gao\u2019s research interests are in bioinformatics, computational biology, machine learning and optimization."], "words": ["\u8ba1\u7b97", "\u673a\u7cfb", "\u8bb2\u5ea7", "Protein", "bioinformatics", ":", "from", "sequence", "to", "structure", "to", "function", "\u53d1\u5e03", "\u65f6\u95f4", ":", "2015", "-", "04-21", "15", ":", "10:42", "\u6d4f\u89c8", "\u6b21\u6570", ":", "3997", "\u4f9b\u7a3f", "\u5927\u6570\u636e", "\u5206\u6790", "\u667a\u80fd", "\u5b9e\u9a8c\u5ba4", "\u6f14\u8bb2", "\u9ad8\u65b0", "\u6559\u6388", "\u8bb2\u5ea7", "\u65f6\u95f4", "2015", "-", "04-24", "14", ":", "00:00", "\u8bb2\u5ea7", "\u5730\u70b9", "\u4fe1\u606f\u697c", "\u5c42", "\u62a5\u544a\u5385", "\u8bb2\u5ea7", "\u5185\u5bb9", "In", "this", "talk", ",", "I", "will", "first", "give", "an", "overview", "of", "the", "recent", "research", "in", "the", "Structural", "and", "Functional", "Bioinformatics", "(", "SFB", ")", "group", "at", "KAUST", ".", "My", "group", "works", "on", "developing", "efficient", "algorithms", "and", "machine", "learning", "techniques", "to", "understand", "the", "path", "from", "protein", "sequences", "to", "structures", "to", "functions", ".", "I", "will", "then", "focus", "on", "our", "efforts", "on", "protein", "3D", "structure", "determination", "based", "on", "nuclear", "magnetic", "resonance", "(", "NMR", ")", "data", ".", "NMR", "is", "one", "of", "the", "two", "main", "methods", "for", "protein", "structure", "determination", ".", "Currently", "it", "takes", "weeks", "to", "months", "of", "human", "labor", "to", "determine", "a", "protein", "structure", "after", "NMR", "experiments", ",", "which", "includes", "the", "peak", "picking", "step", ",", "the", "resonance", "assignment", "step", ",", "and", "the", "structure", "cal", "culation", "step", ".", "If", "we", "could", "fully", "automate", "this", "multi-step", "process", ",", "this", "would", "signific", "antly", "speed", "up", "the", "structural", "biology", "research", ".", "I", "will", "identify", "the", "key", "obstacles", "in", "NMR", "data", "processing", "and", "propose", "solutions", "by", "computational", "methods", ".", "I", "will", "discuss", "our", "efforts", "on", "developing", "signal", "processing", "techniques", "for", "the", "peak", "picking", "and", "peak", "selection", "problems", ",", "optimization", "techniques", "for", "the", "resonance", "assignment", "problem", ",", "and", "machine", "learning", "techniques", "for", "the", "structure", "cal", "culation", "problem", ".", "Each", "of", "these", "methods", "subtly", "handles", "the", "noise", "and", "imperfection", "of", "the", "others", "and", "signific", "antly", "out", "performs", "the", "state-of-the-art", "approaches", ".", "As", "a", "proof", "of", "concept", ",", "we", "combined", "the", "proposed", "methods", "into", "a", "system", ",", "which", "has", "succeeded", "in", "determining", "high", "resolution", "protein", "structures", "from", "a", "small", "set", "of", "NMR", "spectra", ",", "in", "a", "day", ".", "\u6f14\u8bb2", "\u7b80\u4ecb", "Dr", ".", "Xin", "Gao", "is", "an", "assistant", "professor", "of", "computer", "science", "in", "Computer", ",", "Electrical", "and", "Mathematical", "Sciences", "and", "Engine", "ering", "Division", "at", "King", "Abdullah", "University", "of", "Science", "and", "Technology", "(", "KAUST", ")", ",", "Saudi", "Arabia", ",", "and", "an", "adjunct", "assistant", "professor", "at", "David", "R.", "Cheriton", "School", "of", "Computer", "Science", "at", "University", "of", "Waterloo,", "Canada", ".", "Prior", "to", "joining", "KAUST", ",", "he", "was", "a", "Lane", "Fellow", "at", "Lane", "Center", "for", "Computational", "Biology", "in", "School", "of", "Computer", "Science", "at", "Carnegie", "Mellon", "University", ",", "US.", "He", "earned", "his", "bachelor", "degree", "in", "2004", "from", "Computer", "Science", "Depart", "ment", "at", "Tsinghua", "University", ",", "China", ",", "and", "his", "PhD", "degree", "in", "2009", "from", "David", "R.", "Cheriton", "School", "of", "Computer", "Science", "at", "University", "of", "Waterloo.", "Dr", ".", "Gao\u2019s", "research", "interests", "are", "in", "bioinformatics", ",", "computational", "biology", ",", "machine", "learning", "and", "optimization", "."]}