{"url": "http://info.ruc.edu.cn/academic_research_lecture.php?id=229", "id": 2137, "title": "\u6570\u5b66\u7cfb\u5b66\u672f\u62a5\u544a\uff1aFisher\u578b\u65b9\u7a0b\u7684\u884c\u6ce2\u901a\u89e3\u4e0e\u76f8\u5173\u95ee\u9898 - \u5e08\u8d44\u79d1\u7814- \u4e2d\u56fd\u4eba\u6c11\u5927\u5b66\u4fe1\u606f\u5b66\u9662", "time": "", "text": ["\u6570\u5b66\u7cfb\u5b66\u672f\u62a5\u544a\uff1aFisher\u578b\u65b9\u7a0b\u7684\u884c\u6ce2\u901a\u89e3\u4e0e\u76f8\u5173\u95ee\u9898", "\u53d1\u5e03\u65f6\u95f4: 2015-03-31 17:45:14", "\u6d4f\u89c8\u6b21\u6570: 4161", "\u4f9b\u7a3f\uff1a\u6570\u5b66\u7cfb", "\u6f14\u8bb2\u4eba\uff1a\u5e7f\u5dde\u5927\u5b66\u6570\u5b66\u4e0e\u4fe1\u606f\u79d1\u5b66\u5b66\u9662 \u8881\u6587\u4fca\u6559\u6388", "\u8bb2\u5ea7\u65f6\u95f4\uff1a2015-04-01 15:00:00", "\u8bb2\u5ea7\u5730\u70b9\uff1a\u4fe1\u606f\u697c0343\u5ba4", "\u8bb2\u5ea7\u5185\u5bb9", "\u9898\u76ee\uff1aThe general traveling wave solutions of the Fisher type equations and some related problems", "\u5185\u5bb9\u6458\u8981\uff1a", "In this talk, we introduce two recent results with respect to the integrality and exact solutions of the Fisher type equations and its applications.  We obtain the sufficient and necessary conditions of integrable and the general meromorphic solutions of these equations by the complex method. Our results are of the corresponding improvements obtained by many authors. All traveling wave exact solutions of many non-linear partial differential equations are obtained by making use of our results. Our results show that the complex method provides a powerful mathematical tool for solving a large number of nonlinear partial differential equations in mathematical physics.  We will propose four analogue problems and expect that the answer is positive, at last.", "\u6211\u4eec\u4ecb\u7ecd\u6700\u8fd1\u5f97\u5230\u7684\u5173\u4e8eFisher\u578b\u65b9\u7a0b\u53ef\u79ef\u6027\u4e0e\u7cbe\u786e\u89e3\u53ca\u5176\u5e94\u7528\u7684\u4e24\u4e2a\u7ed3\u679c\u3002\u6211\u4eec\u8fd0\u7528\u590d\u65b9\u6cd5\u5f97\u5230\u8fd9\u4e9b\u65b9\u7a0b\u53ef\u79ef\u7684\u5145\u5206\u5fc5\u8981\u6761\u4ef6\u548c\u8fd9\u4e9b\u65b9\u7a0b\u7684\u4e9a\u7eaf\u901a\u89e3\u3002\u6211\u4eec\u7684\u7ed3\u679c\u6539\u8fdb\u4e86\u8bb8\u591a\u4f5c\u8005\u5f97\u5230\u76f8\u5e94\u7684\u7ed3\u679c\u3002\u8bb8\u591a\u975e\u7ebf\u6027\u504f\u5fae\u5206\u65b9\u7a0b\u7684\u6240\u6709\u884c\u6ce2\u7cbe\u786e\u89e3\u53ef\u5229\u7528\u6211\u4eec\u83b7\u5f97\u7684\u7ed3\u679c\u5f97\u5230\u3002\u6211\u4eec\u7684\u7814\u7a76\u7ed3\u679c\u8868\u660e\uff0c\u590d\u65b9\u6cd5\u662f\u6c42\u6570\u5b66\u7269\u7406\u4e2d\u975e\u7ebf\u6027\u504f\u5fae\u5206\u65b9\u7a0b\u7cbe\u786e\u89e3\u4e00\u4e2a\u5f3a\u6709\u529b\u7684\u5de5\u5177\u3002\u6700\u540e\uff0c\u6211\u4eec\u63d0\u51fa4\u4e2a\u7c7b\u4f3c\u7684\u95ee\u9898\uff0c\u671f\u671b\u83b7\u5f97\u6b63\u9762\u80af\u5b9a\u7684\u7ed3\u679c\u3002", "\u6b22\u8fce\u5e7f\u5927\u5e08\u751f\u53c2\u52a0\uff01", "\u6f14\u8bb2\u4eba\u7b80\u4ecb"], "words": ["\u6570\u5b66\u7cfb", "\u5b66\u672f", "\u62a5\u544a", "Fisher\u578b", "\u65b9\u7a0b", "\u884c\u6ce2", "\u901a\u89e3", "\u76f8\u5173", "\u95ee\u9898", "\u53d1\u5e03", "\u65f6\u95f4", ":", "2015", "-", "03-31", "17", ":", "45:14", "\u6d4f\u89c8", "\u6b21\u6570", ":", "4161", "\u4f9b\u7a3f", "\u6570\u5b66\u7cfb", "\u6f14\u8bb2", "\u5e7f\u5dde", "\u5927\u5b66", "\u6570\u5b66", "\u4fe1\u606f", "\u79d1\u5b66", "\u5b66\u9662", "\u8881\u6587\u4fca", "\u6559\u6388", "\u8bb2\u5ea7", "\u65f6\u95f4", "2015", "-", "04-01", "15", ":", "00:00", "\u8bb2\u5ea7", "\u5730\u70b9", "\u4fe1\u606f\u697c", "0343", "\u5ba4", "\u8bb2\u5ea7", "\u5185\u5bb9", "\u9898\u76ee", "The", "general", "traveling", "wave", "solutions", "of", "the", "Fisher", "type", "equations", "and", "some", "related", "problems", "\u5185\u5bb9", "\u6458\u8981", "In", "this", "talk", ",", "we", "int", "roduce", "two", "recent", "results", "with", "respect", "to", "the", "inte", "grality", "and", "exact", "solutions", "of", "the", "Fisher", "type", "equations", "and", "its", "applications", ".", "We", "obtain", "the", "sufficient", "and", "necessary", "conditions", "of", "inte", "grable", "and", "the", "general", "meromorphic", "solutions", "of", "these", "equations", "by", "the", "complex", "method", ".", "Our", "results", "are", "of", "the", "corresponding", "improvements", "obtained", "by", "many", "authors", ".", "All", "traveling", "wave", "exact", "solutions", "of", "many", "non-linear", "partial", "differential", "equations", "are", "obtained", "by", "making", "use", "of", "our", "results", ".", "Our", "results", "show", "that", "the", "complex", "method", "provides", "a", "powerful", "mathematical", "tool", "for", "solving", "a", "large", "number", "of", "nonlinear", "partial", "differential", "equations", "in", "mathematical", "physics", ".", "We", "will", "propose", "four", "analogue", "problems", "and", "expect", "that", "the", "answer", "is", "positive", ",", "at", "last", ".", "\u4ecb\u7ecd", "\u6700\u8fd1", "\u5f97\u5230", "Fisher\u578b", "\u65b9\u7a0b", "\u79ef\u6027", "\u7cbe\u786e\u89e3", "\u5e94\u7528", "\u4e24", "\u8fd0\u7528", "\u590d\u65b9\u6cd5", "\u5f97\u5230", "\u65b9\u7a0b", "\u79ef", "\u5145\u5206", "\u5fc5\u8981\u6761\u4ef6", "\u65b9\u7a0b", "\u4e9a\u7eaf", "\u901a\u89e3", "\u6539\u8fdb", "\u4f5c\u8005", "\u5f97\u5230", "\u76f8\u5e94", "\u975e\u7ebf\u6027\u504f\u5fae\u5206", "\u65b9\u7a0b", "\u884c", "\u6ce2\u7cbe", "\u786e\u89e3", "\u5229\u7528", "\u83b7\u5f97", "\u5f97\u5230", "\u7814\u7a76", "\u8868\u660e", "\u590d\u65b9\u6cd5", "\u6c42\u6570\u5b66", "\u7269\u7406", "\u4e2d", "\u975e\u7ebf\u6027\u504f\u5fae\u5206", "\u65b9\u7a0b", "\u7cbe", "\u786e\u89e3", "\u4e00\u4e2a", "\u5f3a\u6709\u529b", "\u5de5\u5177", "\u6700\u540e", "\u63d0\u51fa", "\u7c7b\u4f3c", "\u95ee\u9898", "\u671f\u671b", "\u83b7\u5f97", "\u6b63\u9762", "\u80af\u5b9a", "\u6b22\u8fce", "\u5e7f\u5927", "\u5e08\u751f", "\u53c2\u52a0", "\u6f14\u8bb2", "\u7b80\u4ecb"]}