{"url": "http://info.ruc.edu.cn/academic_research_lecture.php?id=148", "id": 2154, "title": "DEKE\u5b66\u672f\u62a5\u544a:epiC: an elastic data management system for the Cloud - \u5e08\u8d44\u79d1\u7814- \u4e2d\u56fd\u4eba\u6c11\u5927\u5b66\u4fe1\u606f\u5b66\u9662", "time": "", "text": ["DEKE\u5b66\u672f\u62a5\u544a:epiC: an elastic data management system for the Cloud", "\u53d1\u5e03\u65f6\u95f4: 2011-01-04 10:05:00", "\u6d4f\u89c8\u6b21\u6570: 4352", "\u4f9b\u7a3f\uff1a\u672a\u77e5", "\u6f14\u8bb2\u4eba\uff1a\u53c2\u8003\u4e0b\u65b9", "\u8bb2\u5ea7\u65f6\u95f4\uff1a0000-00-00 00:00:00", "\u8bb2\u5ea7\u5730\u70b9\uff1a--", "\u8bb2\u5ea7\u5185\u5bb9", "\u6f14\u8bb2\u4eba: \u9ec4\u94ed\u94a7\u6559\u6388(\u56fd\u7acb\u65b0\u52a0\u5761\u5927\u5b66\u8ba1\u7b97\u673a\u5b66\u9662\u9662\u957f)", "\u8bb2\u5ea7\u65f6\u95f4: 2011\u5e741\u67086\u65e5\uff08\u661f\u671f\u56db\uff09\u4e0a\u534810\u70b9", "\u8bb2\u5ea7\u5730\u70b9:  \u4fe1\u606f\u697c\uff08\u539f\u9644\u5c0f\uff09\u56db\u5c42\u5b66\u672f\u62a5\u544a\u5385", "\u8bb2\u5ea7\u5185\u5bb9:  \n\n    \n        \n            \n            \u6570\u636e\u5de5\u7a0b\u4e0e\u77e5\u8bc6\u5de5\u7a0b\u6559\u80b2\u90e8\u91cd\u70b9\u5b9e\u9a8c\u5ba4\u5b66\u79d1\u56fd\u9645\u524d\u6cbf\u5b66\u672f\u62a5\u544a", "\u9898\u76ee: epiC: an elastic data management system for the Cloud", "\u65f6\u95f4\uff1a2011\u5e741\u67086\u65e5\uff08\u661f\u671f\u56db\uff09\u4e0a\u534810\u70b9", "\u5730\u70b9\uff1a\u4fe1\u606f\u697c\uff08\u539f\u9644\u5c0f\uff09\u56db\u5c42\u5b66\u672f\u62a5\u544a\u5385", "\u6f14\u8bb2\u8005\uff1a\u9ec4\u94ed\u94a7\u6559\u6388(\u56fd\u7acb\u65b0\u52a0\u5761\u5927\u5b66\u8ba1\u7b97\u673a\u5b66\u9662\u9662\u957f)", "\u8be6\u7ec6\u5730\u5740: http://www1.ruc.edu.cn/101585/73532.html", "\u7f16\u8005\u6ce8\uff1a\u6709\u610f\u524d\u5f80\u65b0\u52a0\u5761\u7559\u5b66\u7684\u540c\u5b66\uff0c\u53ef\u4e0e\u4f1a\u4ea4\u6d41\u3002", "\u6f14\u8bb2\u4eba\u7b80\u4ecb"], "words": ["DEKE\u5b66\u672f", "\u62a5\u544a", ":", "epiC", ":", "an", "elastic", "data", "man", "agement", "system", "for", "the", "Cloud", "\u53d1\u5e03", "\u65f6\u95f4", ":", "2011", "-", "01-04", "10", ":", "05:00", "\u6d4f\u89c8", "\u6b21\u6570", ":", "4352", "\u4f9b\u7a3f", "\u672a\u77e5", "\u6f14\u8bb2", "\u53c2\u8003", "\u4e0b\u65b9", "\u8bb2\u5ea7", "\u65f6\u95f4", "0000", "-", "00-00", "00", ":", "00:00", "\u8bb2\u5ea7", "\u5730\u70b9", "--", "\u8bb2\u5ea7", "\u5185\u5bb9", "\u6f14\u8bb2", ":", "\u9ec4\u94ed\u94a7", "\u6559\u6388", "(", "\u56fd\u7acb", "\u65b0\u52a0\u5761\u5927\u5b66", "\u8ba1\u7b97\u673a", "\u5b66\u9662", "\u9662\u957f", ")", "\u8bb2\u5ea7", "\u65f6\u95f4", ":", "2011\u5e74", "1\u6708", "6\u65e5", "\uff08", "\u661f\u671f\u56db", "\uff09", "\u4e0a\u5348", "10\u70b9", "\u8bb2\u5ea7", "\u5730\u70b9", ":", "\u4fe1\u606f\u697c", "\uff08", "\u539f\u9644", "\uff09", "\u56db", "\u5c42", "\u5b66\u672f", "\u62a5\u544a\u5385", "\u8bb2\u5ea7", "\u5185\u5bb9", ":", "\u6570\u636e", "\u5de5\u7a0b", "\u77e5\u8bc6", "\u5de5\u7a0b", "\u6559\u80b2\u90e8", "\u91cd\u70b9", "\u5b9e\u9a8c\u5ba4", "\u5b66\u79d1", "\u56fd\u9645", "\u524d\u6cbf", "\u5b66\u672f", "\u62a5\u544a", "\u9898\u76ee", ":", "epiC", ":", "an", "elastic", "data", "man", "agement", "system", "for", "the", "Cloud", "\u65f6\u95f4", "2011\u5e74", "1\u6708", "6\u65e5", "\uff08", "\u661f\u671f\u56db", "\uff09", "\u4e0a\u5348", "10\u70b9", "\u5730\u70b9", "\u4fe1\u606f\u697c", "\uff08", "\u539f\u9644", "\uff09", "\u56db", "\u5c42", "\u5b66\u672f", "\u62a5\u544a\u5385", "\u6f14\u8bb2\u8005", "\u9ec4\u94ed\u94a7", "\u6559\u6388", "(", "\u56fd\u7acb", "\u65b0\u52a0\u5761\u5927\u5b66", "\u8ba1\u7b97\u673a", "\u5b66\u9662", "\u9662\u957f", ")", "\u8be6\u7ec6", "\u5730\u5740", ":", "http://www1.ruc.edu.cn/101585", "/", "73532", ".", "ht", "ml", "\u7f16\u8005", "\u6ce8", "\u6709\u610f", "\u524d\u5f80", "\u65b0\u52a0\u5761\u7559\u5b66", "\u540c\u5b66", "\u4e0e\u4f1a", "\u4ea4\u6d41", "\u6f14\u8bb2", "\u7b80\u4ecb"]}