{"url": "http://info.ruc.edu.cn/academic_research_lecture.php?id=21", "id": 2378, "title": "(\u65f6\u95f4\u66f4\u65b0\uff09\u6fb3\u5927\u5229\u4e9aWollongong\u5927\u5b66Mu Yi\u6559\u6388\uff1aDigitalisation and Security - \u5e08\u8d44\u79d1\u7814- \u4e2d\u56fd\u4eba\u6c11\u5927\u5b66\u4fe1\u606f\u5b66\u9662", "time": "", "text": ["(\u65f6\u95f4\u66f4\u65b0\uff09\u6fb3\u5927\u5229\u4e9aWollongong\u5927\u5b66Mu Yi\u6559\u6388\uff1aDigitalisation and Security", "\u53d1\u5e03\u65f6\u95f4: 2014-11-20 11:15:00", "\u6d4f\u89c8\u6b21\u6570: 3961", "\u4f9b\u7a3f\uff1a\u672a\u77e5", "\u6f14\u8bb2\u4eba\uff1a\u53c2\u8003\u4e0b\u65b9", "\u8bb2\u5ea7\u65f6\u95f4\uff1a0000-00-00 00:00:00", "\u8bb2\u5ea7\u5730\u70b9\uff1a--", "\u8bb2\u5ea7\u5185\u5bb9", "\u6f14\u8bb2\u4eba:", "\u8bb2\u5ea7\u65f6\u95f4: 11\u670827\u53f7\uff08\u5468\u56db\uff09\u4e0b\u53481\u70b930\u52302\u70b930\u5206", "\u8bb2\u5ea7\u5730\u70b9:  \u4fe1\u606f\u697c417\u5ba4", "\u8bb2\u5ea7\u5185\u5bb9:", "Topic 1: Digitalisation and Security", "With rapid growth and development of computer technology, digitalisation has been well adopted in the real world. No matter whether or not we like it, we have to use digital devices such as mobile phones, bankcards, RFID cards, etc. However, the security of these developments has always been a serious concern to users. In this talk, we will walk through the basic security theory and practice. We will see how cryptography is applied to our daily life and understand what cryptography can do for us to make the digital world secure.", "Presenter: Professor Yi Mu", "Professor Yi Mu received his PhD from the Australian National University in 1994. He currently is a full professor, Head of School of Computer Science and Software Engineering and the director of Centre for Computer and Information Security Research at University of Wollongong, Australia.His current research interest includes cryptography, network security and computer security. Professor Yi Mu has published over 350 research papers. He has served as program chair and member of program committee over 200 conferences including ACM CCS, ESORICS, ACISP, AisaCCS, etc. and is currently a member of the steering committees of AsiaCCS, CANS and ProvSec. Professor Yi Mu is the editor-in-chief of International Journal of Applied Cryptography and serves as associate editor for nine other international journals. He is a senior member of the IEEE and a member of the IACR.", "\u6f14\u8bb2\u4eba\u7b80\u4ecb"], "words": ["(", "\u65f6\u95f4", "\u66f4\u65b0", "\uff09", "\u6fb3\u5927\u5229\u4e9a", "Wollongong\u5927\u5b66", "Mu", "Yi\u6559\u6388", "Digitalisation", "and", "Security", "\u53d1\u5e03", "\u65f6\u95f4", ":", "2014", "-", "11-20", "11", ":", "15:00", "\u6d4f\u89c8", "\u6b21\u6570", ":", "3961", "\u4f9b\u7a3f", "\u672a\u77e5", "\u6f14\u8bb2", "\u53c2\u8003", "\u4e0b\u65b9", "\u8bb2\u5ea7", "\u65f6\u95f4", "0000", "-", "00-00", "00", ":", "00:00", "\u8bb2\u5ea7", "\u5730\u70b9", "--", "\u8bb2\u5ea7", "\u5185\u5bb9", "\u6f14\u8bb2", ":", "\u8bb2\u5ea7", "\u65f6\u95f4", ":", "11\u6708", "27", "\u53f7", "\uff08", "\u5468\u56db", "\uff09", "\u4e0b\u5348", "1\u70b9", "30", "2\u70b9", "30\u5206", "\u8bb2\u5ea7", "\u5730\u70b9", ":", "\u4fe1\u606f\u697c", "417", "\u5ba4", "\u8bb2\u5ea7", "\u5185\u5bb9", ":", "Topic", "1:", "Digitalisation", "and", "Security", "With", "rapid", "growth", "and", "development", "of", "computer", "technology", ",", "digitalisation", "has", "been", "well", "adopted", "in", "the", "real", "world", ".", "No", "matter", "whether", "or", "not", "we", "like", "it", ",", "we", "have", "to", "use", "digital", "devices", "such", "as", "mobile", "phones", ",", "bankcards", ",", "RFID", "cards", ",", "etc", ".", "However", ",", "the", "security", "of", "these", "developments", "has", "al", "ways", "been", "a", "serious", "concern", "to", "users", ".", "In", "this", "talk", ",", "we", "will", "walk", "through", "the", "basic", "security", "theory", "and", "practice", ".", "We", "will", "see", "how", "cryptography", "is", "applied", "to", "our", "daily", "life", "and", "understand", "what", "cryptography", "can", "do", "for", "us", "to", "make", "the", "digital", "world", "secure", ".", "Presenter", ":", "Professor", "Yi", "Mu", "Professor", "Yi", "Mu", "received", "his", "PhD", "from", "the", "Australian", "National", "University", "in", "1994", ".", "He", "currently", "is", "a", "full", "professor", ",", "Head", "of", "School", "of", "Computer", "Science", "and", "Software", "Engine", "ering", "and", "the", "director", "of", "Centre", "for", "Computer", "and", "Information", "Security", "Research", "at", "University", "of", "Wollongong", ",", "Australia.His", "current", "research", "interest", "includes", "cryptography", ",", "network", "security", "and", "computer", "security", ".", "Professor", "Yi", "Mu", "has", "published", "over", "350", "research", "papers", ".", "He", "has", "served", "as", "program", "chair", "and", "member", "of", "program", "committee", "over", "200", "conferences", "including", "ACM", "CCS", ",", "ESORICS", ",", "ACISP", ",", "Aisa", "CCS", ",", "etc", ".", "and", "is", "currently", "a", "member", "of", "the", "steering", "committees", "of", "Asia", "CCS", ",", "CANS", "and", "ProvSec", ".", "Professor", "Yi", "Mu", "is", "the", "editor", "-", "in-chief", "of", "International", "Journal", "of", "Applied", "Cryptography", "and", "serves", "as", "associate", "editor", "for", "nine", "other", "international", "journal", "s", ".", "He", "is", "a", "senior", "member", "of", "the", "IEEE", "and", "a", "member", "of", "the", "IACR", ".", "\u6f14\u8bb2", "\u7b80\u4ecb"]}