{"url": "http://info.ruc.edu.cn/focus_list.php?page=3", "id": 253, "title": "\u65b0\u95fb\u4eba\u7269 - \u65b0\u95fb\u516c\u544a - \u4e2d\u56fd\u4eba\u6c11\u5927\u5b66\u4fe1\u606f\u5b66\u9662", "time": "", "text": ["\u6c5f\u653f\u5b9d\uff0c2011\u7ea7\u4fe1\u606f\u5b66\u9662\u8ba1\u7b97\u673a\u5e94\u7528\u4e0e\u6280\u672f\u4e13\u4e1a\u672c\u79d1\u751f", "2018-01-22"], "words": ["\u6c5f\u653f\u5b9d", "2011", "\u7ea7", "\u4fe1\u606f", "\u5b66\u9662", "\u8ba1\u7b97\u673a", "\u5e94\u7528", "\u6280\u672f", "\u4e13\u4e1a", "\u672c\u79d1\u751f", "2018", "-", "01-22"]}