{"url": "http://info.ruc.edu.cn/academic_research_lecture.php?id=106", "id": 2628, "title": "\u5361\u5185\u57fa\u6885\u9686\u5927\u5b66Multiple Feature Hashing for Real-time Large Scale - \u5e08\u8d44\u79d1\u7814- \u4e2d\u56fd\u4eba\u6c11\u5927\u5b66\u4fe1\u606f\u5b66\u9662", "time": "", "text": ["\u5361\u5185\u57fa\u6885\u9686\u5927\u5b66Multiple Feature Hashing for Real-time Large Scale", "\u53d1\u5e03\u65f6\u95f4: 2011-12-06 17:26:00", "\u6d4f\u89c8\u6b21\u6570: 5130", "\u4f9b\u7a3f\uff1a\u672a\u77e5", "\u6f14\u8bb2\u4eba\uff1a\u53c2\u8003\u4e0b\u65b9", "\u8bb2\u5ea7\u65f6\u95f4\uff1a0000-00-00 00:00:00", "\u8bb2\u5ea7\u5730\u70b9\uff1a--", "\u8bb2\u5ea7\u5185\u5bb9", "\u6f14\u8bb2\u4eba: Carnegie Mellon University Dr. Yang Yi", "\u8bb2\u5ea7\u65f6\u95f4: 12\u67088\u65e5\u4e0b\u53482\u70b9\u52303\u70b9\u534a", "\u8bb2\u5ea7\u5730\u70b9:  \u4fe1\u606f\u697c\u56db\u697c\u5b66\u672f\u62a5\u544a\u5385", "\u8bb2\u5ea7\u5185\u5bb9:", "Abstract:"], "words": ["\u5361\u5185\u57fa\u6885\u9686", "\u5927\u5b66", "Multiple", "Feature", "Hashing", "for", "Real-time", "Large", "Scale", "\u53d1\u5e03", "\u65f6\u95f4", ":", "2011", "-", "12-06", "17", ":", "26:00", "\u6d4f\u89c8", "\u6b21\u6570", ":", "5130", "\u4f9b\u7a3f", "\u672a\u77e5", "\u6f14\u8bb2", "\u53c2\u8003", "\u4e0b\u65b9", "\u8bb2\u5ea7", "\u65f6\u95f4", "0000", "-", "00-00", "00", ":", "00:00", "\u8bb2\u5ea7", "\u5730\u70b9", "--", "\u8bb2\u5ea7", "\u5185\u5bb9", "\u6f14\u8bb2", ":", "Carnegie", "Mellon", "University", "Dr", ".", "Yang", "Yi", "\u8bb2\u5ea7", "\u65f6\u95f4", ":", "12\u6708", "8\u65e5", "\u4e0b\u5348", "2\u70b9", "3\u70b9\u534a", "\u8bb2\u5ea7", "\u5730\u70b9", ":", "\u4fe1\u606f\u697c\u56db\u697c\u5b66\u672f", "\u62a5\u544a\u5385", "\u8bb2\u5ea7", "\u5185\u5bb9", ":", "Abstract", ":"]}