{"url": "http://info.ruc.edu.cn/academic_research_lecture.php?id=79", "id": 2885, "title": "\u4ece\u4fe1\u606f\u68c0\u7d22\u5230\u77e5\u8bc6\u68c0\u7d22\u2014\u2014\u53ea\u591a\u4e00\u6b65 - \u5e08\u8d44\u79d1\u7814- \u4e2d\u56fd\u4eba\u6c11\u5927\u5b66\u4fe1\u606f\u5b66\u9662", "time": "", "text": ["\u4ece\u4fe1\u606f\u68c0\u7d22\u5230\u77e5\u8bc6\u68c0\u7d22\u2014\u2014\u53ea\u591a\u4e00\u6b65", "\u53d1\u5e03\u65f6\u95f4: 2013-06-06 17:07:00", "\u6d4f\u89c8\u6b21\u6570: 7238", "\u4f9b\u7a3f\uff1a\u672a\u77e5", "\u6f14\u8bb2\u4eba\uff1a\u53c2\u8003\u4e0b\u65b9", "\u8bb2\u5ea7\u65f6\u95f4\uff1a0000-00-00 00:00:00", "\u8bb2\u5ea7\u5730\u70b9\uff1a--", "\u8bb2\u5ea7\u5185\u5bb9", "\u6f14\u8bb2\u4eba: Xiaozhong Liu", "\u8bb2\u5ea7\u65f6\u95f4: 2013\u5e746\u670813\u65e5  15:00", "\u8bb2\u5ea7\u5730\u70b9:  \u4fe1\u606f\u697c\u4e8c\u5c42257\u4f1a\u8bae\u5ba4", "\u8bb2\u5ea7\u5185\u5bb9:", "\u6f14\u8bb2\u4eba\u7b80\u4ecb"], "words": ["\u4fe1\u606f", "\u68c0\u7d22", "\u77e5\u8bc6", "\u68c0\u7d22", "\u2014\u2014", "\u6b65", "\u53d1\u5e03", "\u65f6\u95f4", ":", "2013", "-", "06-06", "17", ":", "07:00", "\u6d4f\u89c8", "\u6b21\u6570", ":", "7238", "\u4f9b\u7a3f", "\u672a\u77e5", "\u6f14\u8bb2", "\u53c2\u8003", "\u4e0b\u65b9", "\u8bb2\u5ea7", "\u65f6\u95f4", "0000", "-", "00-00", "00", ":", "00:00", "\u8bb2\u5ea7", "\u5730\u70b9", "--", "\u8bb2\u5ea7", "\u5185\u5bb9", "\u6f14\u8bb2", ":", "Xiaozhong", "Liu", "\u8bb2\u5ea7", "\u65f6\u95f4", ":", "2013\u5e74", "6\u6708", "13\u65e5", "15:00", "\u8bb2\u5ea7", "\u5730\u70b9", ":", "\u4fe1\u606f\u697c", "\u4e8c", "\u5c42", "257", "\u4f1a\u8bae\u5ba4", "\u8bb2\u5ea7", "\u5185\u5bb9", ":", "\u6f14\u8bb2", "\u7b80\u4ecb"]}