{"url": "http://info.ruc.edu.cn/notice_convert_detail.php?id=1717", "id": 3664, "title": "\u7b2c\u4e00\u5c4a\u56fd\u9645\u4ea4\u6d41\u5f00\u653e\u65e5\u6d3b\u52a8\u901a\u77e5 - \u5b66\u9662\u516c\u544a - \u4e2d\u56fd\u4eba\u6c11\u5927\u5b66\u4fe1\u606f\u5b66\u9662", "time": "2017-02-24 01:30", "text": ["\u7b2c\u4e00\u5c4a\u56fd\u9645\u4ea4\u6d41\u5f00\u653e\u65e5\u6d3b\u52a8\u901a\u77e5", "\u516c\u544a\u7c7b\u578b\uff1a", "\u56fd\u9645\u4ea4\u6d41\u5f00\u653e\u65e5\u9762\u5411\u4fe1\u606f\u5b66\u9662\u672c\u79d1\u751f\u548c\u7814\u7a76\u751f\uff0c\u6211\u4eec\u9080\u8bf7\u4e86InfoSys\u516c\u53f8\u7684\u8001\u5e08\u73b0\u573a\u8bb2\u89e3\u5b9e\u4e60\u9879\u76ee\uff0c\u53e6\u6709\u5b66\u9662\u56fd\u9645\u4ea4\u6d41\u5de5\u4f5c\u59d4\u5458\u4f1a\u7684\u8001\u5e08\u4eec\u4ecb\u7ecd\u5404\u4e2a\u56fd\u5bb6\u7684\u5408\u4f5c\u9879\u76ee\u3002", "\u6211\u4eec\u4e3a\u540c\u5b66\u4eec\u63d0\u4f9b\u5348\u9910\uff0c\u73b0\u573a\u8fd8\u4f1a\u53d1\u653e\u7b14\u8bb0\u672c\u3001\u6307\u7532\u5200\u3001\u624b\u673a\u556a\u556a\u5708\u7b49\u5c0f\u793c\u54c1\u3002\u5148\u5230\u5148\u5230\uff0c", "\u6b22\u8fce\u5927\u5bb6\u53c2\u52a0\uff01", "\u6d3b\u52a8\u8be6\u60c5", "\u65f6\u95f4\uff1a3\u67081\u65e512:00", "\u5730\u70b9\uff1a\u4fe1\u606f\u697c\u56db\u5c42\u62a5\u544a\u5385", "\u65e5\u7a0b\u5b89\u6392\uff1a", "12:00 InfoSys\u516c\u53f8\u7684\u8001\u5e08\u4ecb\u7ecd\u5b9e\u4e60\u9879\u76ee", "13:00 \u4ed8\u8679\u86df\u8001\u5e08\u4ecb\u7ecd\u82f1\u56fd\u9879\u76ee", "13:10 \u5468\u6625\u6765\u8001\u5e08\u4ecb\u7ecd\u7f8e\u56fd\u9879\u76ee", "13:20 \u9648\u8dc3\u56fd\u8001\u5e08\u4ecb\u7ecd\u4e9a\u6d32\u56fd\u5bb6\u9879\u76ee", "13:30 \u5f20\u6620\u60a6\u8001\u5e08\u4ecb\u7ecd\u6fb3\u5927\u5229\u4e9a\u548c\u9999\u6e2f\u9879\u76ee", "13:40 \u7b54\u7591", "\u9644\uff1aInfoSys\u516c\u53f8\u5b9e\u4e60\u9879\u76ee\u7b80\u4ecb", "InStep \u2013 Infosys\u2019 International Flagship Internship Program", "Infosys Limited (NYSE: INFY) is a global leader in technology services and consulting. We enable clients in more than 50 countries to create and execute strategies for their digital transformation. From engineering to application development, knowledge management and business process management, we help our clients find the right problems to solve, and to solve these effectively. Our team of 190,000+ innovators, across the globe, is differentiated by the imagination, knowledge and experience, across industries and technologies, that we bring to every project we undertake.", "(www.infosys.com)", "InStep is Infosys\u2019 Global Internship Program for undergraduate, graduate, MBA and PhD students from top academic institutions around the world. This paid internship program, seeks to provide you the opportunity to work with/explore new and emerging technologies for a duration between 8-12 weeks, while supporting you gain unparalleled international work experience and build a global network of colleagues.", "(www.infosys.com/InStep)", "Project Description:", "Students with a technical background are offered an opportunity to work on projects involving cutting-edge technologies in diverse areas such as distributed computing, machine learning, NLP, analytics, big data, statistics, knowledge engineering, legacy modernization, security, information management, data privacy, cloud computing, testing, enterprise mobility, internet of things, open source, web services, android, mobile application development and artificial intelligence.", "Here is a quick list of benefits:", "\u2022\tEstablished in 1999, InStep is an all paid internship, it includes,", "o\tRoundtrip Airfare and Visa fee", "o\tAccomodation (on campus)", "o\tStipend", "o\tCab Rides (2 per week)", "o\tInternational SIM card", "o\tHealth club membership and more", "\u2022\tBrings you to India, to the center of emerging economy action, at the rapidly developing nation", "\u2022\tGives a chance to the students to work on REAL projects, projects which have potential to result in prototypes, IP creation, process improvement and productivity enhancement, projects which will actually create value. Over the last many years InStep projects have resulted into many patents and publications every year", "\u2022\tGives you the best avenue for networking, when you live together with 60+ other interns (students from 100+ of the world\u2019s most renowned schools from 40+ countries) on the same campus, you take your weekend breaks together, you eat together, you enjoy together, you make bonds for a lifetime", "\u2022\tMakes you a part of a very elite alumni circle the InStep alumni, over 1,650 member strong alumni from the best of the schools in the world", "\u2022\tIt is a rolling internship program, you can come according to the cycle of your school, for us you are welcome anytime of the year as long as you are within your academic cycle for the entire duration of internship", "\u2022\tThe length of the internship is flexible and can be anything between 8 weeks to 12 weeks, depending on your interest and the requirement of the project", "Eligibility: Students from an Undergraduate, Graduate or post graduate background are eligible to apply for the internship program.", "Projects: To view our projects in detail and to apply, please log on to http://www.infosys.com/InStep", "Internship Duration: Average internship duration is 8-12 weeks. The exact duration depends on the requirements of the project and the intern\u2019s availability.", "More Information: Watch our YouTube link on http://www.youtube.com/watch?v=SN9rfrbuPLw or write to intern@infosys.com.", "Further queries: In case of a specific question please write to me at eden.fernandes@infosys.com, you can also call us at +91 7349290868.", "Testimonials", "Rebecca Dilla, Carnegie Mellon University", "As a student studying for my master\u2019s degree in Information Systems Management, my academic program focuses on building both business and technical skills. In my internship search, I was looking for project that also focused on both. At Infosys, I work with the Performance Testing division to help them build a strategy for testing Internet of Things (IoT) applications. Researching the trends and capabilities of this new technology has been interesting, and made me interested in working with IoT applications as a full time career.", "The best part about an internship at Infosys is the truly global experience it provides. Every weekend I head off with some of my fellow interns to explore some new part of India. However, with interns from every corner of the globe, I think I\u2019ve learned just as much about the rest of the world as I have about India! This is truly the most international group of individuals I\u2019ve ever had the opportunity to be a part of, and they have made this experience so positive.", "Jake Morrissey, Harvard University", "If you are in the process of searching for a summer internship, look no further than the InStep program at Infosys. I joined the Infosys team during the summer following my sophomore year at Harvard, and it was one of the best decisions of my life. The InStep program offers a unique balance of genuine work experience and unforgettable leisure opportunities. During my internship, I worked with the Center for Emerging Technologies to assess the viability of block chain technology for trade finance. The project was both interesting and impactful, yet still very manageable. While I worked during the week, I traveled on the weekends, having the chance to explore diverse locations ranging from mountain ranges to city markets. The best part of InStep, though, are the fellow interns who join you in the workplace and on vacations. When you work at Infosys, you are introduced to many other students from the best universities around the world, making friendships that will last a lifetime. I would highly recommend the InStep experience, and encourage you to seriously consider this unique internship experience.", "Did You Know?", "\u2022\tIn 2015-16, the InStep Program received over 4,000 applications for 100 positions in the company", "\u2022\tThis year, our interns represented over 35 different nationalities", "Thanks and look forward to seeing you in India,", "Eden Fernandes (eden.fernandes@infosys.com)", "InStep Coordinator"], "words": ["\u7b2c\u4e00", "\u5c4a", "\u56fd\u9645", "\u4ea4\u6d41", "\u5f00\u653e\u65e5", "\u6d3b\u52a8", "\u901a\u77e5", "\u516c\u544a", "\u7c7b\u578b", "\u56fd\u9645", "\u4ea4\u6d41", "\u5f00\u653e", "\u65e5\u9762", "\u4fe1\u606f", "\u5b66\u9662", "\u672c\u79d1\u751f", "\u7814\u7a76\u751f", "\u9080\u8bf7", "InfoSys", "\u516c\u53f8", "\u8001\u5e08", "\u73b0\u573a", "\u8bb2\u89e3", "\u5b9e\u4e60", "\u9879\u76ee", "\u5b66\u9662", "\u56fd\u9645", "\u4ea4\u6d41", "\u5de5\u4f5c", "\u59d4\u5458\u4f1a", "\u8001\u5e08\u4eec", "\u4ecb\u7ecd", "\u56fd\u5bb6", "\u5408\u4f5c", "\u9879\u76ee", "\u540c\u5b66", "\u63d0\u4f9b", "\u5348\u9910", "\u73b0\u573a", "\u4f1a", "\u53d1\u653e", "\u7b14\u8bb0\u672c", "\u6307\u7532\u5200", "\u624b\u673a", "\u556a\u556a\u5708", "\u5c0f\u793c\u54c1", "\u5148", "\u5148", "\u6b22\u8fce", "\u53c2\u52a0", "\u6d3b\u52a8", "\u8be6\u60c5", "\u65f6\u95f4", "3\u6708", "1\u65e5", "12:00", "\u5730\u70b9", "\u4fe1\u606f\u697c", "\u56db", "\u5c42", "\u62a5\u544a\u5385", "\u65e5\u7a0b", "\u5b89\u6392", "12:00", "InfoSys", "\u516c\u53f8", "\u8001\u5e08", "\u4ecb\u7ecd", "\u5b9e\u4e60", "\u9879\u76ee", "13:00", "\u4ed8\u8679", "\u86df", "\u8001\u5e08", "\u4ecb\u7ecd", "\u82f1\u56fd", "\u9879\u76ee", "13:10", "\u5468\u6625", "\u8001\u5e08", "\u4ecb\u7ecd", "\u7f8e\u56fd", "\u9879\u76ee", "13:20", "\u9648\u8dc3\u56fd", "\u8001\u5e08", "\u4ecb\u7ecd", "\u4e9a\u6d32", "\u56fd\u5bb6", "\u9879\u76ee", "13:30", "\u5f20\u6620\u60a6", "\u8001\u5e08", "\u4ecb\u7ecd", "\u6fb3\u5927\u5229\u4e9a", "\u9999\u6e2f", "\u9879\u76ee", "13:40", "\u7b54\u7591", "\u9644", "InfoSys", "\u516c\u53f8", "\u5b9e\u4e60", "\u9879\u76ee", "\u7b80\u4ecb", "InStep", "\u2013", "Infosys", "\u2019", "International", "Flagship", "Internship", "Program", "Infosys", "Limited", "(", "NYSE", ":", "INFY", ")", "is", "a", "global", "leader", "in", "technology", "services", "and", "consulting", ".", "We", "enable", "clients", "in", "more", "than", "50", "countries", "to", "create", "and", "execute", "strategies", "for", "their", "digital", "transformation", ".", "From", "engine", "ering", "to", "application", "development", ",", "knowledge", "man", "agement", "and", "business", "process", "man", "agement", ",", "we", "help", "our", "clients", "find", "the", "right", "problems", "to", "solve", ",", "and", "to", "solve", "these", "effectively", ".", "Our", "team", "of", "190", ",", "000+", "innovators", ",", "across", "the", "globe", ",", "is", "differentiated", "by", "the", "imagination", ",", "knowledge", "and", "experience", ",", "across", "industries", "and", "technologies", ",", "that", "we", "bring", "to", "every", "project", "we", "undertake", ".", "(", "www.infosys.com", ")", "InStep", "is", "Infosys", "\u2019", "Global", "Internship", "Program", "for", "undergraduate", ",", "graduate", ",", "MBA", "and", "PhD", "students", "from", "top", "academic", "institutions", "around", "the", "world", ".", "This", "paid", "internship", "program", ",", "seeks", "to", "provide", "you", "the", "opportunity", "to", "work", "with", "/", "explore", "new", "and", "emerging", "technologies", "for", "a", "duration", "between", "8-12", "weeks", ",", "while", "supporting", "you", "gain", "unparalleled", "international", "work", "experience", "and", "build", "a", "global", "network", "of", "colle", "agues", ".", "(", "www.infosys.com", "/", "InStep", ")", "Project", "Description", ":", "Students", "with", "a", "technical", "background", "are", "of", "fered", "an", "opportunity", "to", "work", "on", "projects", "involving", "cutting-edge", "technologies", "in", "diverse", "areas", "such", "as", "distributed", "computing", ",", "machine", "learning", ",", "NLP", ",", "analytics", ",", "big", "data", ",", "statistics", ",", "knowledge", "engine", "ering", ",", "legacy", "modernization", ",", "security", ",", "information", "man", "agement", ",", "data", "privacy", ",", "cloud", "computing", ",", "testing", ",", "enterprise", "mobility", ",", "internet", "of", "things", ",", "open", "source", ",", "web", "services", ",", "android", ",", "mobile", "application", "development", "and", "artificial", "intelligence", ".", "Here", "is", "a", "quick", "list", "of", "benefits", ":", "\u2022", "Established", "in", "1999", ",", "InStep", "is", "an", "all", "paid", "internship", ",", "it", "includes", ",", "o", "Round", "trip", "Air", "fare", "and", "Visa", "fee", "o", "Accomodation", "(", "on", "campus", ")", "o", "Stipend", "o", "Cab", "Rides", "(", "per", "week", ")", "o", "International", "SIM", "card", "o", "Heal", "th", "club", "membership", "and", "more", "\u2022", "Brings", "you", "to", "India", ",", "to", "the", "center", "of", "emerging", "economy", "action", ",", "at", "the", "rapidly", "developing", "nation", "\u2022", "Gives", "a", "chance", "to", "the", "students", "to", "work", "on", "REAL", "projects", ",", "projects", "which", "have", "potential", "to", "result", "in", "prototypes", ",", "IP", "creation", ",", "process", "improvement", "and", "productivity", "enhancement", ",", "projects", "which", "will", "actually", "create", "value", ".", "Over", "the", "last", "many", "years", "InStep", "projects", "have", "resulted", "into", "many", "patents", "and", "publications", "every", "year", "\u2022", "Gives", "you", "the", "best", "avenue", "for", "networking", ",", "when", "you", "live", "together", "with", "60+", "other", "interns", "(", "students", "from", "100+", "of", "the", "world", "\u2019", "s", "most", "renowned", "schools", "from", "40+", "countries", ")", "on", "the", "same", "campus", ",", "you", "take", "your", "wee", "kend", "breaks", "together", ",", "you", "eat", "together", ",", "you", "enjoy", "together", ",", "you", "make", "bonds", "for", "a", "lifetime", "\u2022", "Makes", "you", "a", "part", "of", "a", "very", "elite", "alumni", "circle", "the", "InStep", "alumni,", "over", "1,650", "member", "strong", "alumni", "from", "the", "best", "of", "the", "schools", "in", "the", "world", "\u2022", "It", "is", "a", "rolling", "internship", "program", ",", "you", "can", "come", "according", "to", "the", "cycle", "of", "your", "school", ",", "for", "us", "you", "are", "welcome", "anytime", "of", "the", "year", "as", "long", "as", "you", "are", "within", "your", "academic", "cycle", "for", "the", "entire", "duration", "of", "internship", "\u2022", "The", "length", "of", "the", "internship", "is", "flexible", "and", "can", "be", "anything", "between", "weeks", "to", "12", "weeks", ",", "depending", "on", "your", "interest", "and", "the", "requirement", "of", "the", "project", "Eligibility", ":", "Students", "from", "an", "Undergraduate", ",", "Graduate", "or", "post", "graduate", "background", "are", "eligible", "to", "apply", "for", "the", "internship", "program", ".", "Projects", ":", "To", "view", "our", "projects", "in", "detail", "and", "to", "apply", ",", "please", "log", "on", "to", "http://www.infosys.com", "/", "InStep", "Internship", "Duration", ":", "Average", "internship", "duration", "is", "8-12", "weeks", ".", "The", "exact", "duration", "depends", "on", "the", "requirements", "of", "the", "project", "and", "the", "intern\u2019s", "availability", ".", "More", "Information", ":", "Watch", "our", "YouTube", "link", "on", "http://www.youtube.com/watch", "v", "=", "SN9rfrbuPLw", "or", "write", "to", "intern", "@", "infosys.com", ".", "Further", "queries", ":", "In", "case", "of", "a", "specific", "question", "please", "write", "to", "me", "at", "eden.fernandes", "@", "infosys.com", ",", "you", "can", "also", "call", "us", "at", "+", "91", "7349290868", ".", "Testimonials", "Rebecca", "Dilla", ",", "Carnegie", "Mellon", "University", "As", "a", "student", "studying", "for", "my", "master\u2019s", "degree", "in", "Information", "Systems", "Management", ",", "my", "academic", "program", "focuses", "on", "building", "both", "business", "and", "technical", "skills", ".", "In", "my", "internship", "search", ",", "I", "was", "looking", "for", "project", "that", "also", "focused", "on", "both", ".", "At", "Infosys", ",", "I", "work", "with", "the", "Performance", "Testing", "division", "to", "help", "them", "build", "a", "strategy", "for", "testing", "Internet", "of", "Things", "(", "IoT", ")", "applications", ".", "Researching", "the", "trends", "and", "capabilities", "of", "this", "new", "technology", "has", "been", "interesting", ",", "and", "made", "me", "interested", "in", "working", "with", "IoT", "applications", "as", "a", "full", "time", "career", ".", "The", "best", "part", "about", "an", "internship", "at", "Infosys", "is", "the", "truly", "global", "experience", "it", "provides", ".", "Every", "wee", "kend", "I", "head", "of", "f", "with", "some", "of", "my", "fellow", "interns", "to", "explore", "some", "new", "part", "of", "India", ".", "However", ",", "with", "interns", "from", "every", "corner", "of", "the", "globe", ",", "I", "think", "I\u2019ve", "learned", "just", "as", "much", "about", "the", "rest", "of", "the", "world", "as", "I", "have", "about", "India!", "This", "is", "truly", "the", "most", "international", "group", "of", "individuals", "I\u2019ve", "ever", "had", "the", "opportunity", "to", "be", "a", "part", "of", ",", "and", "they", "have", "made", "this", "experience", "so", "positive", ".", "Jake", "Morrissey", ",", "Harvard", "University", "If", "you", "are", "in", "the", "process", "of", "searching", "for", "a", "summer", "internship", ",", "look", "no", "further", "than", "the", "InStep", "program", "at", "Infosys", ".", "I", "joined", "the", "Infosys", "team", "during", "the", "summer", "following", "my", "sophomore", "year", "at", "Harvard", ",", "and", "it", "was", "one", "of", "the", "best", "decisions", "of", "my", "life", ".", "The", "InStep", "program", "of", "fers", "a", "unique", "balance", "of", "genuine", "work", "experience", "and", "unforgettable", "leis", "ure", "opportunities", ".", "During", "my", "internship", ",", "I", "worked", "with", "the", "Center", "for", "Emerging", "Technologies", "to", "assess", "the", "viability", "of", "block", "chain", "technology", "for", "trade", "finance", ".", "The", "project", "was", "both", "interesting", "and", "impactful,", "yet", "still", "very", "manageable", ".", "While", "I", "worked", "during", "the", "week", ",", "I", "traveled", "on", "the", "wee", "kends", ",", "having", "the", "chance", "to", "explore", "diverse", "locations", "ranging", "from", "mountain", "ranges", "to", "city", "markets", ".", "The", "best", "part", "of", "InStep", ",", "though", ",", "are", "the", "fellow", "interns", "who", "join", "you", "in", "the", "work", "place", "and", "on", "vacations", ".", "When", "you", "work", "at", "Infosys", ",", "you", "are", "int", "roduced", "to", "many", "other", "students", "from", "the", "best", "universities", "around", "the", "world", ",", "making", "friend", "ships", "that", "will", "last", "a", "lifetime", ".", "I", "would", "highly", "recommend", "the", "InStep", "experience", ",", "and", "encourage", "you", "to", "serious", "ly", "consider", "this", "unique", "internship", "experience", ".", "Did", "You", "Know?", "\u2022", "In", "2015", "-", "16,", "the", "InStep", "Program", "received", "over", "4,000", "applications", "for", "100", "positions", "in", "the", "company", "\u2022", "This", "year", ",", "our", "interns", "represented", "over", "35", "different", "nation", "alities", "Thanks", "and", "look", "forward", "to", "seeing", "you", "in", "India", ",", "Eden", "Fernandes", "(", "eden.fernandes", "@", "infosys.com", ")", "InStep", "Coordinator"]}