{"url": "http://info.ruc.edu.cn/news_convert_detail.php?id=223", "id": 3812, "title": "\u9646\u5609\u6052\u6559\u6388\u56e2\u961f\u7684\u8bba\u6587\u88abSIGMOD 2013\u63a5\u53d7\u4e3a\u957f\u6587 - \u5b66\u9662\u65b0\u95fb - \u4e2d\u56fd\u4eba\u6c11\u5927\u5b66\u4fe1\u606f\u5b66\u9662", "time": "2013-05-02 08:56", "text": ["\u9646\u5609\u6052\u6559\u6388\u56e2\u961f\u7684\u8bba\u6587\u88abSIGMOD 2013\u63a5\u53d7\u4e3a\u957f\u6587", "\u6765\u6e90\uff1a\u6570\u636e\u5de5\u7a0b\u4e0e\u77e5\u8bc6\u5de5\u7a0b\u91cd\u70b9\u5b9e\u9a8c\u5ba4", "\u65b0\u95fb\u7c7b\u578b:", "2013\u5e744\u67086\u65e5\uff0c\u6559\u80b2\u90e8\u6570\u636e\u5de5\u7a0b\u4e0e\u77e5\u8bc6\u5de5\u7a0b\u91cd\u70b9\u5b9e\u9a8c\u5ba4\u9646\u5609\u6052\u6559\u6388\u56e2\u961f\u7684\u8bba\u6587\u201cString Similarity Measures and Joins with Synonyms\u201d\u88ab\u56fd\u9645\u6570\u636e\u5e93\u9876\u7ea7\u4f1a\u8baeACM SIGMOD 2013\u5f55\u53d6\u3002", "\u8be5\u8bba\u6587\u4e3b\u8981\u89e3\u51b3\u4e86\u5728\u4f7f\u7528\u89c4\u5219(\u8fd1\u4e49\u8bcd,\u540c\u4e49\u8bcd\u7b49)\u7684\u60c5\u51b5\u4e0b\u7684\u5b57\u7b26\u4e32\u8fd1\u4f3c\u5339\u914d\u548c\u8fde\u63a5\u95ee\u9898\u3002\u4e3b\u8981\u63d0\u51fa\u4e86\u65b0\u7684\u57fa\u4e8e\u6269\u5c55\u7684\u8fd1\u4f3c\u5339\u914d\u7b97\u6cd5\uff0c\u5e76\u8bbe\u8ba1\u51fa\u9ad8\u6548\u7684\u7d22\u5f15SI-tree\uff0c\u57fa\u4e8eSI-tree\u8bbe\u8ba1\u51fa\u9ad8\u6548\u7684\u8fde\u63a5\u7b97\u6cd5\u3002\u8be5\u8bba\u6587\u8fd8\u9996\u6b21\u63d0\u51fa\u4e86\u4e00\u4e2a\u4e8c\u7ef4\u7684\u4f30\u8ba1\u7b97\u6cd5\u6765\u8fdb\u884c\u8fde\u63a5\u65f6\u8fc7\u6ee4\u5668\u7684\u9009\u62e9\uff0c\u8bba\u6587\u4ece\u7406\u8bba\u4e0a\u8bc1\u660e\u4e86\u8be5\u8bc4\u4f30\u7b97\u6cd5\u53ea\u9700\u8981\u5bf9\u6570\u7ea7\u522b\u7684\u7a7a\u95f4\u548c\u65f6\u95f4\u6d88\u8017\u5c31\u80fd\u83b7\u5f97\u9ad8\u53ef\u884c\u5ea6\uff0c\u4f4e\u9519\u8bef\u7387\u7684\u4fdd\u969c\u3002", "\u503c\u5f97\u4e00\u63d0\u7684\u662f\uff0c\u8fd9\u662f\u9646\u5609\u6052\u6559\u6388\u8fde\u7eed\u7b2c3\u5e74\u5728\u56fd\u9645\u9876\u7ea7\u6570\u636e\u5e93\u4f1a\u8baeSIGMOD\u4e0a\u4ee5\u7b2c\u4e00\u4f5c\u8005\u7684\u8eab\u4efd\u53d1\u8868\u8bba\u6587.", "\u8bba\u6587\u4fe1\u606f\uff1a", "Jiaheng Lu", ", Chunbin Lin, Wei Wang, Chen Li, Haiyong Wang: String Similarity Measures and Joins with Synonyms. ACM", "SIGMOD 2013", "Jiaheng Lu", ", Pierre Senellart, Chunbin Lin, Xiaoyong Du, Shan Wang, Xinxing Chen: Optimal top-k generation of attribute combinations based on ranked lists. ACM", "SIGMOD 2012", "Jiaheng Lu", ", Ying Lu, Gao Cong: Reverse spatial and textual k nearest neighbor search. ACM", "SIGMOD 2011", "\u6ce8\uff1a\u56fd\u9645\u6570\u636e\u5e93\u9876\u7ea7\u4f1a\u8baeACM SIGMOD\u5c06\u4e8e\u4eca\u5e746\u670822-27\u65e5\u5728\u7f8e\u56fd\u7ebd\u7ea6\u4e3e\u884c\u3002ACM SIGMOD\u6570\u636e\u7ba1\u7406\u56fd\u9645\u4f1a\u8bae\u662f\u7531\u7f8e\u56fd\u8ba1\u7b97\u673a\u534f\u4f1a(ACM)\u6570\u636e\u7ba1\u7406\u4e13\u4e1a\u59d4\u5458\u4f1a(SIGMOD)\u53d1\u8d77\u3001\u5728\u6570\u636e\u5e93\u9886\u57df\u5177\u6709\u6700\u9ad8\u5b66\u672f\u5730\u4f4d\u7684\u56fd\u9645\u6027\u5b66\u672f\u4f1a\u8bae\uff0c\u8be5\u4f1a\u8bae\u7684\u5e73\u5747\u8bba\u6587\u5f55\u53d6\u7387\u5927\u7ea6\u4e3a14%-15%\u3002", "\u6587\u7ae0\u5173\u952e\u8bcd\uff1a", "\u76f8\u5173\u9605\u8bfb", "2009-10-30", "2012-04-10", "2014-02-09", "2014-03-05"], "words": ["\u9646\u5609\u6052", "\u6559\u6388", "\u56e2\u961f", "\u8bba\u6587", "SIGMOD", "2013", "\u63a5\u53d7", "\u957f\u6587", "\u6765\u6e90", "\u6570\u636e", "\u5de5\u7a0b", "\u77e5\u8bc6", "\u5de5\u7a0b", "\u91cd\u70b9", "\u5b9e\u9a8c\u5ba4", "\u65b0\u95fb", "\u7c7b\u578b", ":", "2013\u5e74", "4\u6708", "6\u65e5", "\u6559\u80b2\u90e8", "\u6570\u636e", "\u5de5\u7a0b", "\u77e5\u8bc6", "\u5de5\u7a0b", "\u91cd\u70b9", "\u5b9e\u9a8c\u5ba4", "\u9646\u5609\u6052", "\u6559\u6388", "\u56e2\u961f", "\u8bba\u6587", "String", "Similarity", "Measures", "and", "Joins", "with", "Synonyms", "\u56fd\u9645", "\u6570\u636e\u5e93", "\u9876\u7ea7", "\u4f1a\u8bae", "ACM", "SIGMOD", "2013", "\u5f55\u53d6", "\u8bba\u6587", "\u4e3b\u8981", "\u89e3\u51b3", "\u4f7f\u7528", "\u89c4\u5219", "(", "\u8fd1\u4e49\u8bcd", ",", "\u540c\u4e49\u8bcd", ")", "\u60c5\u51b5", "\u5b57\u7b26", "\u4e32\u8fd1", "\u4f3c", "\u5339\u914d", "\u8fde\u63a5", "\u95ee\u9898", "\u4e3b\u8981", "\u63d0\u51fa", "\u65b0", "\u6269\u5c55", "\u8fd1\u4f3c", "\u5339\u914d\u7b97\u6cd5", "\u8bbe\u8ba1", "\u51fa", "\u9ad8\u6548", "\u7d22\u5f15", "SI-tree", "SI-tree", "\u8bbe\u8ba1", "\u51fa", "\u9ad8\u6548", "\u8fde\u63a5", "\u7b97\u6cd5", "\u8bba\u6587", "\u9996\u6b21", "\u63d0\u51fa", "\u4e00\u4e2a", "\u4e8c\u7ef4\u7684", "\u4f30\u8ba1", "\u7b97\u6cd5", "\u8fdb\u884c", "\u8fde\u63a5", "\u65f6", "\u8fc7\u6ee4\u5668", "\u9009\u62e9", "\u8bba\u6587", "\u7406\u8bba", "\u8bc1\u660e", "\u8bc4\u4f30", "\u7b97\u6cd5", "\u9700\u8981", "\u5bf9\u6570", "\u7ea7\u522b", "\u7a7a\u95f4", "\u65f6\u95f4", "\u6d88\u8017", "\u83b7\u5f97", "\u9ad8", "\u884c\u5ea6", "\u4f4e\u9519", "\u8bef\u7387", "\u4fdd\u969c", "\u503c\u5f97\u4e00\u63d0\u7684\u662f", "\u8fd9\u662f", "\u9646\u5609\u6052", "\u6559\u6388", "\u8fde\u7eed", "\u7b2c3", "\u5e74", "\u56fd\u9645", "\u9876\u7ea7", "\u6570\u636e\u5e93", "\u4f1a\u8bae", "SIGMOD", "\u7b2c\u4e00", "\u4f5c\u8005", "\u8eab\u4efd", "\u53d1\u8868", "\u8bba\u6587", ".", "\u8bba\u6587", "\u4fe1\u606f", "Jia", "heng", "Lu", ",", "Chunbin", "Lin", ",", "Wei", "Wang", ",", "Chen", "Li", ",", "Haiyong", "Wang", ":", "String", "Similarity", "Measures", "and", "Joins", "with", "Synonyms", ".", "ACM", "SIGMOD", "2013", "Jia", "heng", "Lu", ",", "Pierre", "Senellart", ",", "Chunbin", "Lin", ",", "Xiaoyong", "Du", ",", "Shan", "Wang", ",", "Xinxing", "Chen", ":", "Optimal", "top-k", "generation", "of", "attribute", "combinations", "based", "on", "ranked", "lists", ".", "ACM", "SIGMOD", "2012", "Jia", "heng", "Lu", ",", "Ying", "Lu", ",", "Gao", "Cong", ":", "Reverse", "spatial", "and", "textual", "k", "nea", "rest", "neighbor", "search", ".", "ACM", "SIGMOD", "2011", "\u6ce8", "\u56fd\u9645", "\u6570\u636e\u5e93", "\u9876\u7ea7", "\u4f1a\u8bae", "ACM", "SIGMOD", "\u4eca\u5e74", "6\u6708", "22", "-", "27\u65e5", "\u7f8e\u56fd", "\u7ebd\u7ea6", "\u4e3e\u884c", "ACM", "SIGMOD", "\u6570\u636e", "\u7ba1\u7406", "\u56fd\u9645", "\u4f1a\u8bae", "\u7f8e\u56fd", "\u8ba1\u7b97\u673a", "\u534f\u4f1a", "(", "ACM", ")", "\u6570\u636e", "\u7ba1\u7406", "\u4e13\u4e1a\u59d4\u5458\u4f1a", "(", "SIGMOD", ")", "\u53d1\u8d77", "\u6570\u636e\u5e93", "\u9886\u57df", "\u5177\u6709", "\u9ad8", "\u5b66\u672f", "\u5730\u4f4d", "\u56fd\u9645\u6027\u5b66\u672f", "\u4f1a\u8bae", "\u4f1a\u8bae", "\u5e73\u5747", "\u8bba\u6587", "\u5f55\u53d6\u7387", "\u5927\u7ea6", "14%", "-", "15%", "\u6587\u7ae0", "\u5173\u952e\u8bcd", "\u76f8\u5173", "\u9605\u8bfb", "2009", "-", "10-30", "2012", "-", "04-10", "2014", "-", "02-09", "2014", "-", "03-05"]}