{"url": "http://info.ruc.edu.cn/notice_convert_detail.php?id=918", "id": 4496, "title": "\u4e2d\u56fd\u8d38\u4fc3\u4f1a\u7eba\u7ec7\u884c\u4e1a\u5206\u4f1a\u62db\u8058 - \u5b66\u9662\u516c\u544a - \u4e2d\u56fd\u4eba\u6c11\u5927\u5b66\u4fe1\u606f\u5b66\u9662", "time": "2009-01-05 16:07", "text": ["\u4e2d\u56fd\u8d38\u4fc3\u4f1a\u7eba\u7ec7\u884c\u4e1a\u5206\u4f1a\u62db\u8058", "\u516c\u544a\u7c7b\u578b\uff1a", "\u672c\u5468\u4e8c\u4e0a\u5348\u5c31\u4e1a\u4e2d\u5fc3\u9012\u4ea4\u4e2a\u4eba\u7b80\u5386\u3002", "\u8be6\u60c5\u89c1\u5b66\u6821\u5c31\u4e1a\u529e\u540e\u53f0\u62db\u8058\u4fe1\u606f\u3002", "\u5b66\u751f\u4e8b\u52a1\u529e\u516c\u5ba4"], "words": ["\u4e2d\u56fd", "\u8d38\u4fc3\u4f1a", "\u7eba\u7ec7", "\u884c\u4e1a", "\u5206\u4f1a", "\u62db\u8058", "\u516c\u544a", "\u7c7b\u578b", "\u672c\u5468", "\u4e8c", "\u4e0a\u5348", "\u5c31\u4e1a", "\u4e2d\u5fc3", "\u9012\u4ea4", "\u4e2a\u4eba", "\u7b80\u5386", "\u8be6\u60c5", "\u89c1", "\u5b66\u6821", "\u5c31\u4e1a", "\u529e", "\u540e\u53f0", "\u62db\u8058", "\u4fe1\u606f", "\u5b66\u751f", "\u4e8b\u52a1", "\u529e\u516c\u5ba4"]}