{"url": "http://info.ruc.edu.cn/notice_convert_detail.php?id=317", "id": 4924, "title": "2012\u5728\u804c\u5de5\u7a0b\u7855\u58eb\u590d\u8bd5\u540d\u5355 - \u5b66\u9662\u516c\u544a - \u4e2d\u56fd\u4eba\u6c11\u5927\u5b66\u4fe1\u606f\u5b66\u9662", "time": "2011-12-29 09:30", "text": ["2012\u5728\u804c\u5de5\u7a0b\u7855\u58eb\u590d\u8bd5\u540d\u5355", "\u516c\u544a\u7c7b\u578b\uff1a", "2012\u5728\u804c\u5de5\u7a0b\u7855\u58eb\u590d\u8bd5\u540d\u5355 \n\n\u590d\u8bd5\u5206\u6570\u7ebf\u53ca\u8981\u6c42\uff1ahttp://pgs.ruc.edu.cn/pages/tz/2011zzzyxwfsyq.htm\n\n\u590d\u8bd5\u901a\u77e5\u4e66\u4e0b\u8f7d\u5730\u5740\uff1ahttp://pgs.ruc.edu.cn/pages/main.htm\n\n\n\u590d\u8bd5\u65f6\u95f4\u5b9a\u4e8e1\u6708\u4e0a\u65ec\uff0c\u5177\u4f53\u5b89\u6392\u5173\u6ce8\u968f\u540e\u901a\u77e5\u3002"], "words": ["2012", "\u804c\u5de5", "\u7a0b", "\u7855\u58eb", "\u590d\u8bd5", "\u540d\u5355", "\u516c\u544a", "\u7c7b\u578b", "2012", "\u804c\u5de5", "\u7a0b", "\u7855\u58eb", "\u590d\u8bd5", "\u540d\u5355", "\u590d\u8bd5", "\u5206\u6570\u7ebf", "\u8981\u6c42", "http://pgs.ruc.edu.cn/pages/tz/2011zzzyxwfsyq.htm", "\u590d\u8bd5", "\u901a\u77e5\u4e66\u4e0b\u8f7d", "\u5730\u5740", "http://pgs.ruc.edu.cn/pages/main", ".", "htm", "\u590d\u8bd5", "\u65f6\u95f4", "\u5b9a\u4e8e", "1\u6708", "\u4e0a\u65ec", "\u5177\u4f53", "\u5b89\u6392", "\u5173\u6ce8", "\u901a\u77e5"]}