{"url": "http://info.ruc.edu.cn/notice_convert_detail.php?id=630", "id": 5117, "title": "\u7814\u7a76\u751f\u6570\u5b66\u5efa\u6a21\u7ade\u8d5b\u901a\u77e5 - \u5b66\u9662\u516c\u544a - \u4e2d\u56fd\u4eba\u6c11\u5927\u5b66\u4fe1\u606f\u5b66\u9662", "time": "2010-06-04 10:50", "text": ["\u7814\u7a76\u751f\u6570\u5b66\u5efa\u6a21\u7ade\u8d5b\u901a\u77e5", "\u516c\u544a\u7c7b\u578b\uff1a", "\u8be6\u7ec6\u60c5\u51b5\uff0c\u89c1\u9644\u4ef6\uff1a\n\u7814\u7a76\u751f\u6570\u5b66\u5efa\u6a21\u7ade\u8d5b\u9080\u8bf7\u51fd"], "words": ["\u7814\u7a76\u751f\u6570\u5b66", "\u5efa\u6a21", "\u7ade\u8d5b", "\u901a\u77e5", "\u516c\u544a", "\u7c7b\u578b", "\u8be6\u7ec6", "\u60c5\u51b5", "\u89c1", "\u9644\u4ef6", "\u7814\u7a76\u751f\u6570\u5b66", "\u5efa\u6a21", "\u7ade\u8d5b", "\u9080\u8bf7\u51fd"]}