{"url": "http://info.ruc.edu.cn/notice_convert_detail.php?id=592", "id": 5169, "title": "1996\u7ea7\u6821\u53cb\u6bd5\u4e1a\u5341\u5468\u5e74\u8fd4\u6821\u5ea7\u8c08\u4f1a\u901a\u77e5 - \u5b66\u9662\u516c\u544a - \u4e2d\u56fd\u4eba\u6c11\u5927\u5b66\u4fe1\u606f\u5b66\u9662", "time": "2010-09-07 09:50", "text": ["1996\u7ea7\u6821\u53cb\u6bd5\u4e1a\u5341\u5468\u5e74\u8fd4\u6821\u5ea7\u8c08\u4f1a\u901a\u77e5", "\u516c\u544a\u7c7b\u578b\uff1a", "\u8be6\u7ec6\u60c5\u51b5\uff0c\u89c1\u672c\u7f51\u7ad9\u6d3b\u52a8\u9884\u544a\u680f\uff08\u5b66\u9662\u91cd\u5927\u5b66\u751f\u6d3b\u52a8\uff0c\u5747\u4f1a\u5728\u6d3b\u52a8\u9884\u544a\u680f\u53d1\u5e03\uff09\uff1a\nhttp://info.ruc.edu.cn/notice/activitydetail/26"], "words": ["1996", "\u7ea7", "\u6821\u53cb", "\u6bd5\u4e1a", "\u5341", "\u5468\u5e74", "\u8fd4\u6821", "\u5ea7\u8c08\u4f1a", "\u901a\u77e5", "\u516c\u544a", "\u7c7b\u578b", "\u8be6\u7ec6", "\u60c5\u51b5", "\u89c1", "\u672c\u7f51\u7ad9", "\u6d3b\u52a8", "\u9884\u544a\u680f", "\uff08", "\u5b66\u9662", "\u91cd\u5927", "\u5b66\u751f", "\u6d3b\u52a8", "\u5747", "\u4f1a", "\u6d3b\u52a8", "\u9884\u544a\u680f", "\u53d1\u5e03", "\uff09", "http://info.ruc.edu.cn/notice/activity", "detail/26"]}