{"url": "http://info.ruc.edu.cn/notice_convert_detail.php?id=505", "id": 5310, "title": "\u5173\u4e8e\u786e\u8ba4\u672c\u5b66\u671f\u526f\u4fee\u3001\u517c\u4fee\u8003\u8bd5\u65e5\u7a0b\u7684\u901a\u77e5 - \u5b66\u9662\u516c\u544a - \u4e2d\u56fd\u4eba\u6c11\u5927\u5b66\u4fe1\u606f\u5b66\u9662", "time": "2010-12-09 16:27", "text": ["\u5173\u4e8e\u786e\u8ba4\u672c\u5b66\u671f\u526f\u4fee\u3001\u517c\u4fee\u8003\u8bd5\u65e5\u7a0b\u7684\u901a\u77e5", "\u516c\u544a\u7c7b\u578b\uff1a", "http://jiaowu.ruc.edu.cn/news/displaynews2010.asp?id=2716"], "words": ["\u786e\u8ba4", "\u5b66\u671f", "\u526f\u4fee", "\u517c\u4fee", "\u8003\u8bd5", "\u65e5\u7a0b", "\u901a\u77e5", "\u516c\u544a", "\u7c7b\u578b", "http://jiaowu.ruc.edu.cn/news/displaynews2010.asp?id", "=", "2716"]}