{"url": "http://info.ruc.edu.cn/academic_professor.php?teacher_id=167", "id": 593, "title": "\u9ec4\u5efa\u519b - \u5e08\u8d44\u79d1\u7814 - \u4e2d\u56fd\u4eba\u6c11\u5927\u5b66\u4fe1\u606f\u5b66\u9662", "time": "", "text": ["\u9ec4\u5efa\u519b", "2017\u5e74\u7f8e\u56fd\u666e\u6e21\u5927\u5b66\u8ba1\u7b97\u673a\u4e13\u4e1a\u535a\u58eb\u6bd5\u4e1a\uff0c\u4e3b\u8981\u662f\u901a\u8fc7\u81ea\u7136\u8bed\u8a00\u5904\u7406\u4e0e\u9759\u6001\u7a0b\u5e8f\u5206\u6790\u76f8\u7ed3\u5408\u8fdb\u884cAndroid\u5e94\u7528\u7a0b\u5e8f\u5206\u6790\uff0c\u5305\u62ec\u6076\u610f\u884c\u4e3a\u53d1\u73b0\u4e0e\u9690\u79c1\u6cc4\u9732\u68c0\u6d4b\u7b49\u3002\u672a\u6765\u7684\u7814\u7a76\u5305\u62ec\u6df1\u5ea6\u5229\u7528\u81ea\u7136\u8bed\u8a00\u5904\u7406\u6280\u672f\u8fdb\u884c\u7a0b\u5e8f\u5206\u6790\u4e0e\u76f8\u5173\u77e5\u8bc6\u7684\u53d1\u73b0\uff0c\u4ee5\u53ca\u901a\u8fc7\u673a\u5668\u5b66\u4e60\u7684\u65b9\u6cd5\u589e\u5f3a\u7a0b\u5e8f\u5206\u6790\u6280\u672f\u3002", "\u8be6\u7ec6>>", "\u7535\u8bdd    \uff1a82500902", "\u4e2a\u4eba\u4e3b\u9875\uff1ahttps://hjjandy.github.io/", "\u7535\u5b50\u90ae\u7bb1\uff1aHJJ@ruc.edu.cn", "\u8be6\u7ec6\u8d44\u6599", "\u6559\u80b2\u7ecf\u5386", "\u535a\u58eb   2015.08 \u2013 2017.12  \u7f8e\u56fd\u666e\u6e21\u5927\u5b66", "\u7855\u58eb   2009.09 \u2013 2012.06  \u4e2d\u56fd\u4eba\u6c11\u5927\u5b66", "\u5b66\u58eb   2005.09 \u2013 2009.06  \u4e2d\u56fd\u4eba\u6c11\u5927\u5b66", "\u5de5\u4f5c\u7ecf\u5386", "2017.12 \u81f3\u4eca   \u4e2d\u56fd\u4eba\u6c11\u5927\u5b66\u4fe1\u606f\u5b66\u9662\u8ba1\u7b97\u673a\u7cfb\u8bb2\u5e08", "\u7814\u7a76\u65b9\u5411", "\u8f6f\u4ef6\u5b89\u5168\u6027\u5206\u6790\u3001\u7a0b\u5e8f\u5206\u6790\u3001Android\u5e94\u7528\u5206\u6790\u3001Web\u5b89\u5168\u7b49", "\u8bb2\u6388\u8bfe\u7a0b", "2018~2019 \u6625\u5b63\u5b66\u671f \u6570\u5b57\u53d6\u8bc1\u6280\u672f\uff08\u672c\u79d1\u751f\uff09", "2018~2019 \u79cb\u5b63\u5b66\u671f \u8f6f\u4ef6\u5b89\u5168\u5206\u6790\u4e0e\u8bbe\u8ba1\uff08\u7814\u7a76\u751f\uff09", "2018~2019 \u79cb\u5b63\u5b66\u671f \u4fe1\u606f\u5b89\u5168\u5f15\u8bba\uff08\u672c\u79d1\u751f\uff09", "\u5bf9\u5b66\u751f\u7684\u57f9\u517b\u8981\u6c42", "\u8e0f\u5b9e\u3001\u52e4\u594b\u3001\u597d\u5b66\uff0c\u79ef\u6781\u53c2\u4e0e\u79d1\u7814\u9879\u76ee\uff0c\u5177\u6709\u63a2\u7d22\u7cbe\u795e\u4e0e\u72ec\u7acb\u79d1\u7814\u80fd\u529b\uff0c\u5177\u6709\u826f\u597d\u7684\u7406\u8bba\u7814\u7a76\u4e0e\u7cfb\u7edf\u5b9e\u73b0\u7684\u80fd\u529b", "\u79d1\u7814\u9879\u76ee", "1. \u4e2d\u56fd\u4eba\u6c11\u5927\u5b66\u5f15\u8fdb\u4eba\u624d\u79d1\u7814\u542f\u52a8\u91d1\uff0c\u201c\u57fa\u4e8e\u81ea\u7136\u8bed\u8a00\u5904\u7406\u7684\u9759\u6001\u7a0b\u5e8f\u5206\u6790\u65b9\u6cd5\u7814\u7a76\u201d\uff0c2018~2019", "2. \u81ea\u7136\u79d1\u5b66\u57fa\u91d1\u9752\u5e74\u79d1\u5b66\u57fa\u91d1\u9879\u76ee\uff0c\u201c\u57fa\u4e8e\u81ea\u7136\u8bed\u8a00\u5904\u7406\u7684\u5b89\u5168\u6f0f\u6d1e\u9759\u6001\u68c0\u6d4b\u65b9\u6cd5\u7814\u7a76\u201d\uff0861802413\uff09\uff0c2019.01~2021.12", "3. \u4e2d\u56fd\u4eba\u6c11\u5927\u5b66\u65b0\u6559\u5e08\u542f\u52a8\u91d1\u9879\u76ee\uff0c\u201c\u7ed3\u5408\u81ea\u7136\u8bed\u8a00\u5904\u7406\u4e0e\u9759\u6001\u5206\u6790\u7684\u5b89\u5168\u6f0f\u6d1e\u68c0\u6d4b\u6280\u672f\u7814\u7a76\u201d\uff082018030245\uff09\uff0c2019.01~2021.12", "4. \u8ba1\u7b97\u673a\u4f53\u7cfb\u7ed3\u6784\u56fd\u5bb6\u91cd\u70b9\u5b9e\u9a8c\u5ba4\u5f00\u653e\u8bfe\u9898\uff0c\u201c\u7a0b\u5e8f\u8fd0\u884c\u65f6\u88c1\u526a\u6280\u672f\u7814\u7a76\u201d\uff08CARCH201801\uff09\uff0c2018.12~2020.11", "\u79d1\u7814\u6210\u679c", "1. Pan Bian, Bin Liang, Wenchang Shi, Jianjun Huang, Yan Cai. NAR-Miner: Discovering Negative Association Rules from Code for Bug Detection. ESEC/FSE\\\\\\'18, Lake Buena Vista, Florida, USA, November 2018.", "2. Yousra Aafer, Guanhong Tao, Jianjun Huang, Xiangyu Zhang, Ninghui Li. Precise Android API Protection Mapping Derivation and Reasoning. CCS\\\\\\'18, Toronto, Canada, October 2018.", "3.Yousra Aafer, Jianjun Huang, Yi Sun, Xiangyu Zhang, Ninghui Li, Chen Tian. AceDroid: Normalizing Diverse Android Access Control Checks for Inconsistency Detection. NDSS\\\\\\'18, San Diego, California, USA, February 2018.", "4.Jianjun Huang, Yousra Aafer, David Perry, Xiangyu Zhang, Chen Tian. UI Driven Android Application Reduction. ASE\\\\\\'17, Urbana-Champaign, Illinois, USA, October - November 2017.", "5.Jianjun Huang, Xiangyu Zhang, Lin Tan. Detecting Sensitive Data Disclosure via Bi-directional Text Correlation Analysis. FSE\\\\\\'16, Seattle, Washington, USA, November 2016.", "6.Juan Zhai, Jianjun Huang, Shiqing Ma, Xiangyu Zhang, Lin Tan, Jianhua Zhao, Feng Qin. Automatic Model Generation from Documentation for Java API Functions. ICSE\\\\\\'16, Austin, Texas, USA, May 2016.", "7.Jianjun Huang, Zhichun Li, Xusheng Xiao, Zhenyu Wu, Kangjie Lu, Xiangyu Zhang, Guofei Jiang. SUPOR: Precise and Scalable Sensitive User Input Detection for Android Apps. USENIX Security\\\\\\\\\\\\\\'15, Washington D.C., USA, August 2015.", "8.Jianjun Huang, Xiangyu Zhang, Lin Tan, Peng Wang, Bin Liang. AsDroid: Detecting Stealthy Behaviors in Android Applications by User Interface and Program Behavior Contradiction. ICSE\\\\\\'14, Hyderabad, India, June 2014.", "\u793e\u4f1a\u517c\u804c", "IEEE Transactions on Software Engineering \u5ba1\u7a3f\u4eba", "Journal of Computer Security \u5ba1\u7a3f\u4eba", "\u8ba1\u7b97\u673a\u5b66\u62a5 \u5ba1\u7a3f\u4eba", "SCIENCE CHINA Information Science \u5ba1\u7a3f\u4eba", "\u8363\u8a89\u83b7\u5956", "1.\u4e13\u5229\uff1aZhichun Li, Xusheng Xiao, Zhenyu Wu, Jianjun Huang, Guofei Jiang. System and Method for Detecting Sensitive User Input Leakages in Software Applications, US Patent 20160132679 A1.", "2.2016 ACM SIGSOFT Distinguished Paper Award"], "words": ["\u9ec4\u5efa\u519b", "2017\u5e74", "\u7f8e\u56fd", "\u666e\u6e21", "\u5927\u5b66", "\u8ba1\u7b97\u673a", "\u4e13\u4e1a", "\u535a\u58eb", "\u6bd5\u4e1a", "\u4e3b\u8981", "\u81ea\u7136\u8bed\u8a00", "\u5904\u7406", "\u9759\u6001", "\u7a0b\u5e8f", "\u5206\u6790", "\u76f8", "\u7ed3\u5408", "\u8fdb\u884c", "Android", "\u5e94\u7528", "\u7a0b\u5e8f", "\u5206\u6790", "\u5305\u62ec", "\u6076\u610f", "\u884c\u4e3a", "\u53d1\u73b0", "\u9690\u79c1", "\u6cc4\u9732", "\u68c0\u6d4b", "\u672a\u6765", "\u7814\u7a76", "\u5305\u62ec", "\u6df1\u5ea6", "\u5229\u7528", "\u81ea\u7136\u8bed\u8a00", "\u5904\u7406", "\u6280\u672f", "\u8fdb\u884c", "\u7a0b\u5e8f", "\u5206\u6790", "\u76f8\u5173", "\u77e5\u8bc6", "\u53d1\u73b0", "\u673a\u5668", "\u5b66\u4e60", "\u65b9\u6cd5", "\u589e\u5f3a", "\u7a0b\u5e8f", "\u5206\u6790", "\u6280\u672f", "\u8be6\u7ec6", ">>", "\u7535\u8bdd", "82500902", "\u4e2a\u4eba", "\u4e3b\u9875", "htt", "ps://hjjandy.github.io/", "\u7535\u5b50", "\u90ae\u7bb1", "HJJ@ruc.edu.cn", "\u8be6\u7ec6", "\u8d44\u6599", "\u6559\u80b2", "\u7ecf\u5386", "\u535a\u58eb", "2015", ".", "08", "\u2013", "2017", ".", "12", "\u7f8e\u56fd", "\u666e\u6e21", "\u5927\u5b66", "\u7855\u58eb", "2009", ".", "09", "\u2013", "2012", ".", "06", "\u4e2d\u56fd", "\u4eba\u6c11", "\u5927\u5b66", "\u5b66\u58eb", "2005", ".", "09", "\u2013", "2009", ".", "06", "\u4e2d\u56fd", "\u4eba\u6c11", "\u5927\u5b66", "\u5de5\u4f5c", "\u7ecf\u5386", "2017", ".", "12", "\u4e2d\u56fd", "\u4eba\u6c11", "\u5927\u5b66", "\u4fe1\u606f", "\u5b66\u9662", "\u8ba1\u7b97", "\u673a\u7cfb", "\u8bb2\u5e08", "\u7814\u7a76", "\u65b9\u5411", "\u8f6f\u4ef6", "\u5b89\u5168\u6027", "\u5206\u6790", "\u7a0b\u5e8f\u5206\u6790", "Android", "\u5e94\u7528", "\u5206\u6790", "Web", "\u5b89\u5168", "\u8bb2\u6388", "\u8bfe\u7a0b", "2018", "~", "2019", "\u6625\u5b63", "\u5b66\u671f", "\u6570\u5b57", "\u53d6\u8bc1", "\u6280\u672f", "\uff08", "\u672c\u79d1\u751f", "\uff09", "2018", "~", "2019", "\u79cb\u5b63", "\u5b66\u671f", "\u8f6f\u4ef6", "\u5b89\u5168", "\u5206\u6790", "\u8bbe\u8ba1", "\uff08", "\u7814\u7a76\u751f", "\uff09", "2018", "~", "2019", "\u79cb\u5b63", "\u5b66\u671f", "\u4fe1\u606f", "\u5b89\u5168", "\u5f15\u8bba", "\uff08", "\u672c\u79d1\u751f", "\uff09", "\u5b66\u751f", "\u57f9\u517b", "\u8981\u6c42", "\u8e0f\u5b9e", "\u52e4\u594b", "\u597d\u5b66", "\u79ef\u6781", "\u53c2\u4e0e", "\u79d1\u7814", "\u9879\u76ee", "\u5177\u6709", "\u63a2\u7d22", "\u7cbe\u795e", "\u72ec\u7acb", "\u79d1\u7814", "\u80fd\u529b", "\u5177\u6709", "\u826f\u597d", "\u7406\u8bba", "\u7814\u7a76", "\u7cfb\u7edf", "\u5b9e\u73b0", "\u80fd\u529b", "\u79d1\u7814", "\u9879\u76ee", "1.", "\u4e2d\u56fd", "\u4eba\u6c11", "\u5927\u5b66", "\u5f15\u8fdb", "\u4eba\u624d", "\u79d1\u7814", "\u542f\u52a8\u91d1", "\u81ea\u7136\u8bed\u8a00", "\u5904\u7406", "\u9759\u6001", "\u7a0b\u5e8f", "\u5206\u6790", "\u65b9\u6cd5", "\u7814\u7a76", "2018", "~", "2019", "2.", "\u81ea\u7136\u79d1\u5b66", "\u57fa\u91d1\u9752\u5e74", "\u79d1\u5b66", "\u57fa\u91d1", "\u9879\u76ee", "\u81ea\u7136\u8bed\u8a00", "\u5904\u7406", "\u5b89\u5168", "\u6f0f\u6d1e", "\u9759\u6001", "\u68c0\u6d4b", "\u65b9\u6cd5", "\u7814\u7a76", "\uff08", "61802413", "\uff09", "2019", ".", "01", "~", "2021", ".", "12", "3.", "\u4e2d\u56fd\u4eba\u6c11\u5927\u5b66", "\u65b0", "\u6559\u5e08", "\u542f\u52a8\u91d1", "\u9879\u76ee", "\u7ed3\u5408", "\u81ea\u7136\u8bed\u8a00", "\u5904\u7406", "\u9759\u6001", "\u5206\u6790", "\u5b89\u5168", "\u6f0f\u6d1e", "\u68c0\u6d4b", "\u6280\u672f", "\u7814\u7a76", "\uff08", "2018030245", "\uff09", "2019", ".", "01", "~", "2021", ".", "12", "4.", "\u8ba1\u7b97", "\u673a\u4f53", "\u7cfb", "\u7ed3\u6784", "\u56fd\u5bb6", "\u91cd\u70b9", "\u5b9e\u9a8c\u5ba4", "\u5f00\u653e", "\u8bfe\u9898", "\u7a0b\u5e8f", "\u8fd0\u884c", "\u65f6", "\u88c1\u526a", "\u6280\u672f", "\u7814\u7a76", "\uff08", "CARCH201801", "\uff09", "2018", ".", "12", "~", "2020", ".", "11", "\u79d1\u7814", "\u6210\u679c", "1.", "Pan", "Bian", ",", "Bin", "Liang", ",", "Wenchang", "Shi", ",", "Jianjun", "Huang", ",", "Yan", "Cai.", "NAR-Miner", ":", "Discovering", "Negative", "Association", "Rules", "from", "Code", "for", "Bug", "Detection", ".", "ESEC/FSE", "\\\\", "\\'", "18", ",", "Lake", "Buena", "Vista,", "Florida", ",", "USA", ",", "November", "2018", ".", "2.", "Yous", "ra", "Aafer", ",", "Guanhong", "Tao", ",", "Jianjun", "Huang", ",", "Xiangyu", "Zhang", ",", "Ninghui", "Li", ".", "Precise", "Android", "API", "Protection", "Mapping", "Derivation", "and", "Reasoning", ".", "CCS", "\\\\", "\\'", "18", ",", "Toronto,", "Canada", ",", "October", "2018", ".", "3.Yous", "ra", "Aafer", ",", "Jianjun", "Huang", ",", "Yi", "Sun", ",", "Xiangyu", "Zhang", ",", "Ninghui", "Li", ",", "Chen", "Tian", ".", "Ace", "Droid", ":", "Normalizing", "Diverse", "Android", "Access", "Control", "Checks", "for", "Inconsistency", "Detection", ".", "NDSS\\\\\\'", "18", ",", "San", "Diego", ",", "California", ",", "USA", ",", "February", "2018", ".", "4.", "Jianjun", "Huang", ",", "Yous", "ra", "Aafer", ",", "David", "Perry", ",", "Xiangyu", "Zhang", ",", "Chen", "Tian", ".", "UI", "Driven", "Android", "Application", "Reduction", ".", "ASE", "\\\\", "\\'", "17", ",", "Urbana-Champaign", ",", "Illinois", ",", "USA", ",", "October", "-", "November", "2017", ".", "5.", "Jianjun", "Huang", ",", "Xiangyu", "Zhang", ",", "Lin", "Tan", ".", "Detecting", "Sensitive", "Data", "Disclosure", "via", "Bi-directional", "Text", "Correlation", "Analysis", ".", "FSE", "\\\\", "\\'", "16", ",", "Seattle", ",", "Washington", ",", "USA", ",", "November", "2016", ".", "6.Juan", "Zhai,", "Jianjun", "Huang", ",", "Shiqing", "Ma,", "Xiangyu", "Zhang", ",", "Lin", "Tan", ",", "Jian", "hua", "Zhao,", "Feng", "Qin", ".", "Automatic", "Model", "Generation", "from", "Documentation", "for", "Java", "API", "Functions", ".", "ICSE", "\\\\", "\\'", "16", ",", "Austin", ",", "Texas,", "USA", ",", "May", "2016", ".", "7.", "Jianjun", "Huang", ",", "Zhichun", "Li", ",", "Xus", "heng", "Xiao", ",", "Zhenyu", "Wu", ",", "Kangjie", "Lu", ",", "Xiangyu", "Zhang", ",", "Guofei", "Jiang", ".", "SUPOR", ":", "Precise", "and", "Scalable", "Sensitive", "User", "Input", "Detection", "for", "Android", "Apps", ".", "USENIX", "Security", "\\\\", "\\\\", "\\\\", "\\'", "15", ",", "Washington", "D.C.,", "USA", ",", "August", "2015", ".", "8.", "Jianjun", "Huang", ",", "Xiangyu", "Zhang", ",", "Lin", "Tan", ",", "Peng", "Wang", ",", "Bin", "Liang", ".", "AsDroid", ":", "Detecting", "Steal", "thy", "Behaviors", "in", "Android", "Applications", "by", "User", "Inter", "face", "and", "Program", "Behavior", "Contradiction", ".", "ICSE", "\\\\", "\\'", "14", ",", "Hyderabad", ",", "India", ",", "June", "2014", ".", "\u793e\u4f1a", "\u517c\u804c", "IEEE", "Transactions", "on", "Software", "Engine", "ering", "\u5ba1\u7a3f\u4eba", "Journal", "of", "Computer", "Security", "\u5ba1\u7a3f\u4eba", "\u8ba1\u7b97", "\u673a\u5b66", "\u62a5", "\u5ba1\u7a3f\u4eba", "SCIENCE", "CHINA", "Information", "Science", "\u5ba1\u7a3f\u4eba", "\u8363\u8a89", "\u83b7\u5956", "1.", "\u4e13\u5229", "Zhichun", "Li", ",", "Xus", "heng", "Xiao", ",", "Zhenyu", "Wu", ",", "Jianjun", "Huang", ",", "Guofei", "Jiang", ".", "System", "and", "Method", "for", "Detecting", "Sensitive", "User", "Input", "Leakages", "in", "Software", "Applications", ",", "US", "Patent", "20160132679", "A1", ".", "2.2016", "ACM", "SIGSOFT", "Distinguished", "Paper", "Award"]}