{"url": "http://info.ruc.edu.cn/news_convert_detail.php?id=916", "id": 646, "title": "\u77f3\u6587\u660c\u6559\u6388\u5e94\u9080\u5728\u4fe1\u606f\u5b89\u5168\u56fd\u9645\u4f1a\u8baeACNS 2010\u4e0a\u4f5c\u7279\u9080\u62a5\u544a - \u5b66\u9662\u65b0\u95fb - \u4e2d\u56fd\u4eba\u6c11\u5927\u5b66\u4fe1\u606f\u5b66\u9662", "time": "2010-06-27 09:17", "text": ["\u77f3\u6587\u660c\u6559\u6388\u5e94\u9080\u5728\u4fe1\u606f\u5b89\u5168\u56fd\u9645\u4f1a\u8baeACNS 2010\u4e0a\u4f5c\u7279\u9080\u62a5\u544a", "\u65b0\u95fb\u7c7b\u578b:", "2010\u5e746\u670824\u65e5\uff0c\u77f3\u6587\u660c\u6559\u6388\u5e94\u9080\u5728\u4fe1\u606f\u5b89\u5168\u56fd\u9645\u4f1a\u8baeACNS 2010\u4e0a\u4f5c\u7279\u9080\u62a5\u544a\uff0c\u62a5\u544a\u9898\u76ee\u4e3a\u201cA Way to Build a Trusted Trust Base in Operating System for Web Applications\u201d\u3002ACNS\uff08International Conference on Applied Cryptography and Network Security\uff09\u662f\u6709\u56fd\u9645\u5f71\u54cd\u7684\u4fe1\u606f\u5b89\u5168\u5b66\u672f\u4f1a\u8bae\uff0c\u4eca\u5e74\u662f\u7b2c8\u5c4a\uff0c\u5728\u5317\u4eac\u4e3e\u884c\u3002\u4e0a\u5c4a\u4f1a\u8bae\u5728\u6cd5\u56fd\u4e3e\u884c\uff0c\u4e0b\u5c4a\u4f1a\u8bae\u5c06\u5728\u897f\u73ed\u7259\u4e3e\u884c\u3002\u8be5\u4f1a\u8bae\u7684\u8bba\u6587\u96c6\u7531Springer\u4ee5LNCS\uff08Lecture Notes in Computer Science\uff09\u5f62\u5f0f\u51fa\u7248\uff0c\u5e73\u5747\u8bba\u6587\u5f55\u7528\u7387\u4e3a17%\uff0c\u4eca\u5e74\u7684\u5f55\u7528\u7387\u4e0d\u523018%\u3002   \u77f3\u6587\u660c\u6559\u6388\u4e2a\u4eba\u7f51\u9875\uff1ahttp://info.ruc.edu.cn/teacher/teacherdetails?id=20070019"], "words": ["\u77f3\u6587\u660c", "\u6559\u6388", "\u5e94\u9080", "\u4fe1\u606f", "\u5b89\u5168", "\u56fd\u9645", "\u4f1a\u8bae", "ACNS", "2010", "\u4f5c", "\u7279\u9080", "\u62a5\u544a", "\u65b0\u95fb", "\u7c7b\u578b", ":", "2010\u5e74", "6\u6708", "24\u65e5", "\u77f3\u6587\u660c", "\u6559\u6388", "\u5e94\u9080", "\u4fe1\u606f", "\u5b89\u5168", "\u56fd\u9645", "\u4f1a\u8bae", "ACNS", "2010", "\u4f5c", "\u7279\u9080", "\u62a5\u544a", "\u62a5\u544a", "\u9898\u76ee", "A", "Way", "to", "Build", "a", "Trusted", "Trust", "Base", "in", "Operating", "System", "for", "Web", "Applications", "ACNS", "\uff08", "International", "Conference", "on", "Applied", "Cryptography", "and", "Network", "Security", "\uff09", "\u56fd\u9645", "\u5f71\u54cd", "\u4fe1\u606f", "\u5b89\u5168", "\u5b66\u672f", "\u4f1a\u8bae", "\u4eca\u5e74", "\u7b2c8", "\u5c4a", "\u5317\u4eac", "\u4e3e\u884c", "\u4e0a\u5c4a", "\u4f1a\u8bae", "\u6cd5\u56fd", "\u4e3e\u884c", "\u4e0b\u5c4a", "\u4f1a\u8bae", "\u897f\u73ed\u7259", "\u4e3e\u884c", "\u4f1a\u8bae", "\u8bba\u6587\u96c6", "Springer", "LNCS", "\uff08", "Lecture", "Notes", "in", "Computer", "Science", "\uff09", "\u5f62\u5f0f", "\u51fa\u7248", "\u5e73\u5747", "\u8bba\u6587", "\u5f55\u7528\u7387", "17%", "\u4eca\u5e74", "\u5f55\u7528\u7387", "18%", "\u77f3\u6587\u660c", "\u6559\u6388", "\u4e2a\u4eba", "\u7f51\u9875", "http://info.ruc.edu.cn/tea", "cher/tea", "cherdetails?id", "=", "20070019"]}