{"url": "http://info.ruc.edu.cn/academic_research_lecture.php?id=329", "id": 71, "title": "Do Mathematics - \u5e08\u8d44\u79d1\u7814- \u4e2d\u56fd\u4eba\u6c11\u5927\u5b66\u4fe1\u606f\u5b66\u9662", "time": "", "text": ["Do Mathematics", "\u53d1\u5e03\u65f6\u95f4: 2018-05-22 14:11:25", "\u6d4f\u89c8\u6b21\u6570: 11681", "\u4f9b\u7a3f\uff1a\u6570\u5b66\u7cfb", "\u6f14\u8bb2\u4eba\uff1a\u5c39\u666f\u5b66\u6559\u6388", "\u8bb2\u5ea7\u65f6\u95f4\uff1a2018-05-27 15:30:00", "\u8bb2\u5ea7\u5730\u70b9\uff1a4203\u6559\u5ba4", "\u8bb2\u5ea7\u5185\u5bb9", "Do Mathematics", "Learning mathematics is to master the subject in mathematics,", "while studying mathematics is to devote time and attention to", "gain new knowledge of mathematics. Alternatively, we prefer", "to express my idea of doing mathematics.", "\u6f14\u8bb2\u4eba\u7b80\u4ecb", "\u5c39\u666f\u5b66\u6559\u6388\uff0c\u534e\u5357\u5e08\u8303\u5927\u5b66\uff0c\u56fd\u5bb6\u7ea7\u6559\u5b66\u540d\u5e08\uff0c\u56fd\u5bb6\u6770\u51fa\u9752\u5e74\u57fa\u91d1\u83b7\u5f97\u8005\u3002"], "words": ["Do", "Mathematics", "\u53d1\u5e03", "\u65f6\u95f4", ":", "2018", "-", "05-22", "14", ":", "11:25", "\u6d4f\u89c8", "\u6b21\u6570", ":", "11681", "\u4f9b\u7a3f", "\u6570\u5b66\u7cfb", "\u6f14\u8bb2", "\u5c39\u666f\u5b66", "\u6559\u6388", "\u8bb2\u5ea7", "\u65f6\u95f4", "2018", "-", "05-27", "15", ":", "30:00", "\u8bb2\u5ea7", "\u5730\u70b9", "4203", "\u6559\u5ba4", "\u8bb2\u5ea7", "\u5185\u5bb9", "Do", "Mathematics", "Learning", "mathematics", "is", "to", "master", "the", "subject", "in", "mathematics", ",", "while", "studying", "mathematics", "is", "to", "devote", "time", "and", "attention", "to", "gain", "new", "knowledge", "of", "mathematics", ".", "Alternatively", ",", "we", "prefer", "to", "express", "my", "idea", "of", "doing", "mathematics", ".", "\u6f14\u8bb2", "\u7b80\u4ecb", "\u5c39\u666f\u5b66", "\u6559\u6388", "\u534e\u5357\u5e08\u8303\u5927\u5b66", "\u56fd\u5bb6\u7ea7\u6559\u5b66", "\u540d\u5e08", "\u56fd\u5bb6", "\u6770\u51fa", "\u9752\u5e74", "\u57fa\u91d1", "\u83b7\u5f97\u8005"]}